,,,,,,,Misc,Misc,,Approx Val,Approx Val,,Passing,Passing,Passing,Passing,Passing,Rushing,Rushing,Rushing,Receiving,Receiving,Receiving,,,,,,-additional
Rnd,Pick,Tm,Player,Pos,Age,To,AP1,PB,St,wAV,DrAV,G,Cmp,Att,Yds,TD,Int,Att,Yds,TD,Rec,Yds,TD,Solo,Int,Sk,College/Univ,,-9999
1,1,CLE,Baker Mayfield,QB,23,2025,0,2,6,70,37,111,2269,3567,26115,181,91,330,1345,10,1,17,0,1,,,Oklahoma,College Stats,MayfBa00
1,2,NYG,Saquon Barkley,RB,21,2025,1,3,6,58,40,95,0,0,0,0,0,1629,7483,51,338,2506,15,,,,Penn St.,College Stats,BarkSa00
1,3,NYJ,Sam Darnold,QB,21,2025,0,1,5,38,15,88,1541,2490,17629,107,71,279,1010,14,0,0,0,,,,USC,College Stats,DarnSa00
1,4,CLE,Denzel Ward,CB,21,2025,0,4,7,43,43,100,0,0,0,0,0,0,0,0,0,0,0,274,18,0.5,Ohio St.,College Stats,WardDe02
1,5,DEN,Bradley Chubb,DE,22,2025,0,2,3,35,25,78,0,0,0,0,0,0,0,0,0,0,0,166,1,43.5,North Carolina St.,College Stats,ChubBr00
1,6,IND,Quenton Nelson,G,22,2025,3,7,7,69,69,117,0,0,0,0,0,1,0,0,0,0,0,1,,,Notre Dame,College Stats,NelsQu00
1,7,BUF,Josh Allen,QB,22,2025,0,4,7,98,98,116,2403,3780,27651,204,86,799,4354,68,1,19,2,4,,,Wyoming,College Stats,AlleJo02
1,8,CHI,Roquan Smith,ILB,21,2025,3,3,7,78,37,114,0,0,0,0,0,0,0,0,0,0,0,640,10,21.5,Georgia,College Stats,SmitRo07
1,9,SFO,Mike McGlinchey,T,24,2025,0,0,6,41,31,103,0,0,0,0,0,0,0,0,0,0,0,,,,Notre Dame,College Stats,McGlMi00
1,10,ARI,Josh Rosen,QB,21,2021,0,0,1,3,2,24,277,513,2864,12,21,26,151,0,0,0,0,,,,UCLA,College Stats,RoseJo01
1,11,MIA,Minkah Fitzpatrick,S,21,2025,3,5,6,58,4,111,0,0,0,0,0,0,0,0,0,0,0,422,21,,Alabama,College Stats,FitzMi00
1,12,TAM,Vita Vea,DT,23,2025,0,2,5,45,45,100,0,0,0,0,0,0,0,0,1,1,1,144,,32.5,Washington,College Stats,VeaxVi00
1,13,WAS,Daron Payne,DT,21,2025,0,1,7,49,49,120,0,0,0,0,0,0,0,0,0,0,0,223,1,35.0,Alabama,College Stats,PaynDa00
1,14,NOR,Marcus Davenport,DE,22,2025,0,0,2,20,18,71,0,0,0,0,0,0,0,0,0,0,0,85,,25.0,Texas-San Antonio,College Stats,DaveMa00
1,15,OAK,Kolton Miller,T,23,2025,0,0,7,42,42,113,0,0,0,0,0,0,0,0,0,0,0,,,,UCLA,College Stats,MillKo00
1,16,BUF,Tremaine Edmunds,ILB,20,2025,0,2,7,57,44,110,0,0,0,0,0,0,0,0,0,0,0,509,12,7.5,Virginia Tech,College Stats,EdmuTr01
1,17,LAC,Derwin James,S,22,2025,1,4,5,38,38,87,0,0,0,0,0,0,0,0,0,0,0,407,9,18.5,Florida St.,College Stats,JameDe00
1,18,GNB,Jaire Alexander,CB,21,2025,0,2,5,34,34,80,0,0,0,0,0,0,0,0,0,0,0,245,12,1.5,Louisville,College Stats,AlexJa00
1,19,DAL,Leighton Vander Esch,OLB,21,2023,0,1,5,35,35,71,0,0,0,0,0,0,0,0,0,0,0,296,3,3.5,Boise St.,College Stats,VandLe00
1,20,DET,Frank Ragnow,C,22,2024,0,4,6,51,51,96,0,0,0,0,0,0,0,0,0,0,0,1,,,Arkansas,College Stats,RagnFr00
1,21,CIN,Billy Price,C,23,2022,0,0,3,18,9,69,0,0,0,0,0,0,0,0,0,0,0,2,,,Ohio St.,College Stats,PricBi01
1,22,TEN,Rashaan Evans,ILB,22,2024,0,0,4,32,25,87,0,0,0,0,0,0,0,0,0,0,0,286,2,5.0,Alabama,College Stats,EvanRa01
1,23,NWE,Isaiah Wynn,T,22,2024,0,0,3,23,19,56,0,0,0,0,0,0,0,0,0,0,0,2,,,Georgia,College Stats,WynnIs00
1,24,CAR,D.J. Moore,WR,21,2025,0,0,7,56,36,118,0,2,0,0,0,63,446,1,574,7704,36,4,,,Maryland,College Stats,MoorD.00
1,25,BAL,Hayden Hurst,TE,25,2024,0,0,1,17,6,88,0,0,0,0,0,1,0,0,203,1975,15,2,,,South Carolina,College Stats,HursHa00
1,26,ATL,Calvin Ridley,WR,23,2025,0,0,4,40,24,88,0,0,0,0,0,30,140,1,403,5647,40,1,,,Alabama,College Stats,RidlCa00
1,27,SEA,Rashaad Penny,RB,22,2023,0,0,0,13,13,45,0,0,0,0,0,348,1951,13,28,227,1,,,,San Diego St.,College Stats,PennRa00
1,28,PIT,Terrell Edmunds,S,21,2025,0,0,5,27,25,102,0,0,0,0,0,0,0,0,0,0,0,315,6,7.5,Virginia Tech,College Stats,EdmuTe00
1,29,JAX,Taven Bryan,DT,22,2024,0,0,4,22,10,113,0,0,0,0,0,0,0,0,0,0,0,85,,11.5,Florida,College Stats,BryaTa00
1,30,MIN,Mike Hughes,CB,21,2025,0,0,1,14,4,91,0,0,0,0,0,0,0,0,0,0,0,214,3,,Central Florida,College Stats,HughMi00
1,31,NWE,Sony Michel,RB,23,2022,0,0,2,21,15,65,0,0,0,0,0,779,3243,18,56,439,2,1,,,Georgia,College Stats,MichSo00
1,32,BAL,Lamar Jackson,QB,21,2025,3,4,6,101,101,107,1746,2681,20928,176,50,1035,6339,34,0,0,0,1,,,Louisville,College Stats,JackLa00
2,33,CLE,Austin Corbett,C,23,2025,0,0,4,26,1,83,0,0,0,0,0,0,0,0,0,0,0,3,,,Nevada,College Stats,CorbAu00
2,34,NYG,Will Hernandez,G,23,2025,0,0,5,36,22,98,0,0,0,0,0,0,0,0,0,0,0,,,,Texas-El Paso,College Stats,HernWi00
2,35,CLE,Nick Chubb,RB,22,2025,0,4,5,47,47,90,0,0,0,0,0,1398,7092,53,135,1088,5,2,,,Georgia,College Stats,ChubNi00
2,36,IND,Shaquille Leonard,LB,23,2023,3,3,5,60,59,75,0,0,0,0,0,0,0,0,0,0,0,397,12,16.0,South Carolina St.,,LeonDa00
2,37,IND,Braden Smith,G,22,2025,0,0,7,39,39,99,0,0,0,0,0,0,0,0,0,0,0,,,,Auburn,College Stats,SmitBr06
2,38,TAM,Ronald Jones II,RB,21,2022,0,0,2,18,17,61,0,0,0,0,0,505,2244,19,77,593,1,1,,,USC,College Stats,JoneRo01
2,39,CHI,James Daniels,C,20,2025,0,0,6,29,17,91,0,0,0,0,0,0,0,0,0,0,0,1,,,Iowa,College Stats,DaniJa01
2,40,DEN,Courtland Sutton,WR,22,2025,0,1,5,39,39,103,4,4,84,1,0,5,21,0,405,5705,35,5,,,SMU,College Stats,SuttCo00
2,41,TEN,Harold Landry,OLB,22,2025,0,1,5,40,40,103,0,0,0,0,0,0,0,0,0,0,0,263,2,54.0,Boston Col.,College Stats,LandHa00
2,42,MIA,Mike Gesicki,TE,22,2025,0,0,2,26,19,120,0,1,0,0,0,0,0,0,333,3587,22,1,,,Penn St.,College Stats,GesiMi00
2,43,DET,Kerryon Johnson,RB,21,2021,0,0,1,11,11,35,0,0,0,0,0,283,1225,8,61,527,3,,,,Auburn,College Stats,JohnKe06
2,44,SFO,Dante Pettis,WR,22,2024,0,0,0,10,5,58,2,2,32,0,0,3,35,0,83,1104,13,3,,,Washington,College Stats,PettDa00
2,45,GNB,Josh Jackson,CB,22,2022,0,0,0,8,7,49,0,0,0,0,0,0,0,0,0,0,0,77,,,Iowa,College Stats,JackJo01
2,46,KAN,Breeland Speaks,DE,22,2018,0,0,0,3,3,16,0,0,0,0,0,0,0,0,0,0,0,15,,1.5,Mississippi,College Stats,SpeaBr00
2,47,ARI,Christian Kirk,WR,21,2025,0,0,7,41,23,96,2,4,32,0,0,22,159,0,414,5285,29,1,,,Texas A&M,College Stats,KirkCh01
2,48,LAC,Uchenna Nwosu,OLB,21,2025,0,0,2,24,13,95,0,0,0,0,0,0,0,0,0,0,0,153,1,30.0,USC,College Stats,NwosUc00
2,49,PHI,Dallas Goedert,TE,23,2025,0,0,7,35,35,97,0,0,0,0,0,1,1,0,364,4218,28,5,,,South Dakota St.,,GoedDa00
2,50,DAL,Connor Williams,T,21,2024,0,0,6,34,20,92,0,0,0,0,0,0,0,0,0,0,0,,,,Texas,College Stats,WillCo00
2,51,CHI,Anthony Miller,WR,23,2024,0,0,2,12,12,52,1,1,8,0,0,9,37,0,141,1605,12,3,,,Memphis,College Stats,MillAn02
2,52,IND,Kemoko Turay,OLB,23,2022,0,0,0,5,5,41,0,0,0,0,0,0,0,0,0,0,0,23,,12.0,Rutgers,College Stats,TuraKe00
2,53,TAM,M.J. Stewart,CB,22,2025,0,0,0,7,3,95,0,0,0,0,0,1,3,0,0,0,0,168,2,1.0,North Carolina,College Stats,StewM.00
2,54,CIN,Jessie Bates III,S,21,2025,0,1,7,47,30,117,0,0,0,0,0,0,0,0,0,0,0,488,24,1.0,Wake Forest,College Stats,BateJe00
2,55,CAR,Donte Jackson,CB,22,2025,0,0,7,29,24,100,0,0,0,0,0,0,0,0,0,0,0,282,20,1.0,LSU,College Stats,JackDo02
2,56,NWE,Duke Dawson,CB,21,2020,0,0,0,3,,26,0,0,0,0,0,0,0,0,0,0,0,17,,,Florida,College Stats,DawsDu00
2,57,OAK,P.J. Hall,DT,23,2020,0,0,2,11,8,40,0,0,0,0,0,0,0,0,0,0,0,52,,2.5,Sam Houston St.,,HallP.00
2,58,ATL,Isaiah Oliver,CB,21,2025,0,0,2,17,12,101,0,0,0,0,0,0,0,0,0,0,0,252,3,3.0,Colorado,College Stats,OlivIs00
2,59,WAS,Derrius Guice,RB,21,2019,0,0,0,2,2,5,0,0,0,0,0,42,245,2,7,79,1,,,,LSU,College Stats,GuicDe00
2,60,PIT,James Washington,WR,22,2022,0,0,2,11,11,62,0,0,0,0,0,2,13,0,114,1629,11,1,,,Oklahoma St.,College Stats,WashJa00
2,61,JAX,DJ Chark,WR,21,2024,0,1,4,21,13,76,0,0,0,0,0,2,20,0,216,3100,24,6,,,LSU,College Stats,CharDJ00
2,62,MIN,Brian O'Neill,T,22,2025,0,2,7,52,52,114,0,0,0,0,0,0,0,0,0,0,0,1,,,Pittsburgh,College Stats,ONeiBr00
2,63,TAM,Carlton Davis,CB,21,2025,0,0,6,29,25,94,0,0,0,0,0,0,0,0,0,0,0,319,11,,Auburn,College Stats,DaviCa02
2,64,IND,Tyquan Lewis,DE,23,2025,0,0,0,12,12,80,0,0,0,0,0,0,0,0,0,0,0,86,1,18.0,Ohio St.,College Stats,LewiTy00
3,65,OAK,Brandon Parker,T,22,2023,0,0,2,15,15,59,0,0,0,0,0,0,0,0,0,0,0,2,,,North Carolina A&T,,ParkBr01
3,66,NYG,Lorenzo Carter,DE,22,2024,0,0,4,30,16,96,0,0,0,0,0,0,0,0,0,0,0,170,2,21.5,Georgia,College Stats,CartLo01
3,67,CLE,Chad Thomas,DE,22,2019,0,0,0,5,5,20,0,0,0,0,0,0,0,0,0,0,0,17,,4.0,Miami (FL),College Stats,ThomCh06
3,68,HOU,Justin Reid,S,21,2025,0,0,7,29,15,111,0,0,0,0,0,0,0,0,0,0,0,437,10,6.0,Stanford,College Stats,ReidJu00
3,69,NYG,B.J. Hill,DT,23,2025,0,0,5,32,7,117,0,0,0,0,0,0,0,0,0,0,0,183,2,24.5,North Carolina St.,College Stats,HillB.00
3,70,SFO,Fred Warner,OLB,21,2025,4,4,7,80,80,120,0,0,0,0,0,0,0,0,0,0,0,597,10,10.0,BYU,College Stats,WarnFr00
3,71,DEN,Royce Freeman,RB,22,2023,0,0,0,13,9,79,0,0,0,0,0,471,1792,10,86,532,1,5,,,Oregon,College Stats,FreeRo00
3,72,NYJ,Nathan Shepherd,DT,24,2025,0,0,2,22,7,111,0,0,0,0,0,0,0,0,0,0,0,101,,11.0,Fort Hays St.,,ShepNa00
3,73,MIA,Jerome Baker,OLB,21,2025,0,0,6,37,33,109,0,0,0,0,0,0,0,0,0,0,0,419,5,24.5,Ohio St.,College Stats,BakeJe00
3,74,WAS,Geron Christian,T,21,2024,0,0,1,12,5,63,0,0,0,0,0,0,0,0,0,0,0,1,,,Louisville,College Stats,ChriGe01
3,75,KAN,Derrick Nnadi,DT,22,2025,0,0,5,34,34,120,0,0,0,0,0,0,0,0,0,0,0,111,1,5.0,Florida St.,College Stats,NnadDe00
3,76,PIT,Mason Rudolph,QB,23,2025,0,0,1,9,6,30,439,688,4627,28,20,68,203,1,0,0,0,,,,Oklahoma St.,College Stats,RudoMa00
3,77,CIN,Sam Hubbard,DE,23,2024,0,0,6,40,40,104,0,0,0,0,0,0,0,0,1,2,1,236,1,38.5,Ohio St.,College Stats,HubbSa00
3,78,CIN,Malik Jefferson,OLB,21,2023,0,0,0,3,1,38,0,0,0,0,0,0,0,0,0,0,0,11,,,Texas,College Stats,JeffMa00
3,79,SEA,Rasheem Green,DT,21,2023,0,0,2,17,13,86,0,0,0,0,0,0,0,0,0,0,0,91,,19.0,USC,College Stats,GreeRa01
3,80,HOU,Martinas Rankin,T,23,2020,0,0,0,7,3,23,0,0,0,0,0,0,0,0,0,0,0,,,,Mississippi St.,College Stats,RankMa00
3,81,DAL,Michael Gallup,WR,22,2023,0,0,5,30,30,86,0,0,0,0,0,0,0,0,266,3744,21,1,,,Colorado St.,College Stats,GallMi00
3,82,DET,Tracy Walker,S,23,2023,0,0,2,13,13,79,0,0,0,0,0,0,0,0,0,0,0,291,3,4.0,Louisiana,College Stats,WalkTr01
3,83,BAL,Orlando Brown Jr.,T,22,2025,0,4,7,63,28,114,0,0,0,0,0,0,0,0,0,0,0,,,,Oklahoma,College Stats,BrowOr00
3,84,LAC,Justin Jones,DT,22,2024,0,0,5,30,14,88,0,0,0,0,0,0,0,0,0,0,0,123,,12.0,North Carolina St.,College Stats,JoneJu03
3,85,CAR,Rashaan Gaulden,CB,23,2020,0,0,0,1,1,27,0,0,0,0,0,0,0,0,0,0,0,14,,,Tennessee,College Stats,GaulRa00
3,86,BAL,Mark Andrews,TE,23,2025,1,3,3,48,48,109,0,0,0,0,0,10,15,0,453,5680,53,5,,,Oklahoma,College Stats,AndrMa00
3,87,OAK,Arden Key,DE,22,2025,0,0,3,21,5,109,0,0,0,0,0,0,0,0,0,0,0,104,,28.0,LSU,College Stats,KeyxAr00
3,88,GNB,Oren Burks,ILB,23,2025,0,0,0,12,6,113,0,0,0,0,0,0,0,0,0,0,0,132,1,2.0,Vanderbilt,College Stats,BurkOr00
3,89,LAR,Joseph Noteboom,T,23,2025,0,0,0,18,18,76,0,0,0,0,0,0,0,0,0,0,0,,,,TCU,College Stats,NoteJo00
3,90,ATL,Deadrin Senat,DT,24,2023,0,0,0,4,3,37,0,0,0,0,0,0,0,0,0,0,0,28,,1.0,South Florida,College Stats,SenaDe00
3,91,NOR,Tre'Quan Smith,WR,22,2023,0,0,3,15,15,67,0,0,0,0,0,1,3,0,131,1764,18,5,,,Central Florida,College Stats,SmitTr03
3,92,PIT,Chukwuma Okorafor,T,21,2025,0,0,3,25,25,81,0,0,0,0,0,0,0,0,0,0,0,,,,Western Michigan,College Stats,OkorCh00
3,93,JAX,Ronnie Harrison,S,21,2024,0,0,3,20,10,84,0,0,0,0,0,0,0,0,0,0,0,161,7,6.5,Alabama,College Stats,HarrRo02
3,94,TAM,Alex Cappa,T,23,2025,0,0,6,42,21,107,0,0,0,0,0,0,0,0,0,0,0,,,,Humboldt St.,,CappAl00
3,95,SFO,Tarvarius Moore,S,22,2024,0,0,1,8,8,72,0,0,0,0,0,0,0,0,0,0,0,87,,,Southern Miss,College Stats,MoorTa00
3,96,BUF,Harrison Phillips,DT,22,2025,0,0,3,30,8,101,0,0,0,0,0,0,0,0,0,0,0,153,,8.5,Stanford,College Stats,PhilHa00
3,97,ARI,Mason Cole,C,22,2023,0,0,4,25,11,94,0,0,0,0,0,0,0,0,0,0,0,,,,Michigan,College Stats,ColeMa02
3,98,HOU,Jordan Akins,TE,26,2024,0,0,1,16,14,107,0,0,0,0,0,2,7,0,206,2277,10,1,,,Central Florida,College Stats,AkinJo00
3,99,DEN,Isaac Yiadom,CB,22,2025,0,0,2,16,5,108,0,0,0,0,0,0,0,0,0,0,0,162,3,0.5,Boston Col.,College Stats,YiadIs00
3,100,KAN,Dorian O'Daniel,OLB,24,2021,0,0,0,5,5,58,0,0,0,0,0,0,0,0,0,0,0,37,,1.0,Clemson,College Stats,ODanDo00
4,101,CAR,Ian Thomas,TE,22,2025,0,0,2,7,7,104,0,0,0,0,0,0,0,0,122,1082,4,3,,,Indiana,College Stats,ThomIa00
4,102,MIN,Jalyn Holmes,DE,22,2025,0,0,0,7,5,58,0,0,0,0,0,0,0,0,0,0,0,43,,4.0,Ohio St.,College Stats,HolmJa01
4,103,HOU,Keke Coutee,WR,21,2022,0,0,0,7,7,33,0,0,0,0,0,5,14,1,85,966,4,,,,Texas Tech,College Stats,CoutKe00
4,104,IND,Nyheim Hines,RB,21,2022,0,0,0,25,22,81,0,0,0,0,0,306,1202,10,240,1778,8,3,,,North Carolina St.,College Stats,HineNy00
4,105,CLE,Antonio Callaway,WR,21,2020,0,0,1,5,5,25,0,0,0,0,0,2,7,0,53,695,5,,,,Florida,College Stats,CallAn00
4,106,DEN,Josey Jewell,ILB,23,2024,0,0,5,32,28,90,0,0,0,0,0,0,0,0,0,0,0,314,3,12.5,Iowa,College Stats,JeweJo00
4,107,NYJ,Chris Herndon,TE,22,2021,0,0,2,6,6,49,0,0,0,0,0,0,0,0,75,836,8,,,,Miami (FL),College Stats,HernCh00
4,108,NYG,Kyle Lauletta,QB,23,2018,0,0,0,0,0,2,0,5,0,0,1,1,-2,0,0,0,0,,,,Richmond,,LaulKy00
4,109,WAS,Troy Apke,S,23,2022,0,0,1,6,6,52,0,0,0,0,0,0,0,0,0,0,0,49,1,,Penn St.,College Stats,ApkeTr00
4,110,OAK,Nick Nelson,CB,21,2019,0,0,0,1,1,12,0,0,0,0,0,0,0,0,0,0,0,10,,,Wisconsin,College Stats,NelsNi00
4,111,LAR,Brian Allen,C,22,2023,0,0,2,16,16,50,0,0,0,0,0,0,0,0,0,0,0,,,,Michigan St.,College Stats,AlleBr02
4,112,CIN,Mark Walton,RB,21,2019,0,0,0,3,1,21,0,0,0,0,0,67,235,0,20,130,0,4,,,Miami (FL),College Stats,WaltMa00
4,113,DEN,DaeSean Hamilton,WR,23,2020,0,0,0,6,6,46,0,0,0,0,0,0,0,0,81,833,5,,,,Penn St.,College Stats,HamiDa01
4,114,DET,Da'Shawn Hand,DE,22,2025,0,0,1,10,7,69,0,0,0,0,0,0,0,0,0,0,0,72,,6.0,Alabama,College Stats,HandDa00
4,115,CHI,Joel Iyiegbuniwe,LB,22,2022,0,0,0,5,4,65,0,0,0,0,0,0,0,0,0,0,0,26,,,Western Kentucky,College Stats,IyieJo00
4,116,DAL,Dorance Armstrong Jr.,DE,21,2025,0,0,1,21,15,114,0,0,0,0,0,0,0,0,0,0,0,136,,33.5,Kansas,College Stats,ArmsDo00
4,117,TAM,Jordan Whitehead,S,21,2024,0,0,7,32,21,105,0,0,0,0,0,0,0,0,0,0,0,394,11,2.5,Pittsburgh,College Stats,WhitJo03
4,118,BAL,Anthony Averett,CB,23,2022,0,0,1,11,10,51,0,0,0,0,0,0,0,0,0,0,0,99,3,,Alabama,College Stats,AverAn00
4,119,LAC,Kyzir White,S,22,2025,0,0,4,31,17,93,0,0,0,0,0,0,0,0,0,0,0,358,6,7.5,West Virginia,College Stats,WhitKy00
4,120,SEA,Will Dissly,TE,22,2025,0,0,5,15,10,89,0,0,0,0,0,1,7,0,179,1927,15,7,,,Washington,College Stats,DissWi00
4,121,BUF,Taron Johnson,CB,22,2025,0,0,6,34,34,104,0,0,0,0,0,0,0,0,0,0,0,391,6,8.0,Weber St.,,JohnTa01
4,122,BAL,Kenny Young,LB,23,2022,0,0,1,18,5,63,0,0,0,0,0,0,0,0,0,0,0,127,1,5.5,UCLA,College Stats,YounKe03
4,123,MIA,Durham Smythe,TE,23,2025,0,0,5,10,10,116,0,0,0,0,0,4,4,1,132,1228,3,12,,,Notre Dame,College Stats,SmytDu00
4,124,KAN,Armani Watts,S,22,2021,0,0,0,3,3,53,0,0,0,0,0,0,0,0,0,0,0,42,,2.0,Texas A&M,College Stats,WattAr00
4,125,PHI,Avonte Maddox,CB,22,2025,0,0,1,16,16,86,0,0,0,0,0,0,0,0,0,0,0,205,4,3.0,Pittsburgh,College Stats,MaddAv00
4,126,ATL,Ito Smith,RB,22,2021,0,0,0,6,6,36,0,0,0,0,0,176,693,7,55,314,0,,,,Southern Miss,College Stats,SmitIt00
4,127,NOR,Rick Leonard,T,21,2021,0,0,0,0,,2,0,0,0,0,0,0,0,0,0,0,0,,,,Florida St.,College Stats,LeonRi00
4,128,SFO,Kentavius Street,DT,22,2024,0,0,0,10,4,78,0,0,0,0,0,0,0,0,0,0,0,57,,8.5,North Carolina St.,College Stats,StreKe00
4,129,JAX,Will Richardson,T,22,2021,0,0,0,4,4,44,0,0,0,0,0,0,0,0,0,0,0,,,,North Carolina St.,College Stats,RichWi01
4,130,PHI,Josh Sweat,DE,21,2025,0,1,4,33,33,109,0,0,0,0,0,0,0,0,0,0,0,157,1,48.0,Florida St.,College Stats,SweaJo00
4,131,MIA,Kalen Ballage,RB,22,2021,0,0,1,6,3,52,0,0,0,0,0,213,665,7,54,293,0,4,,,Arizona St.,College Stats,BallKa00
4,132,BAL,Jaleel Scott,WR,23,2020,0,0,0,0,0,4,0,0,0,0,0,0,0,0,2,22,0,,,,New Mexico St.,College Stats,ScotJa02
4,133,GNB,J'Mon Moore,WR,23,2018,0,0,0,0,0,12,0,0,0,0,0,0,0,0,2,15,0,2,,,Missouri,College Stats,MoorJM00
4,134,ARI,Chase Edmonds,RB,22,2023,0,0,1,21,17,83,0,0,0,0,0,450,1972,11,158,1159,6,16,,,Fordham,,EdmoCh00
4,135,LAR,John Franklin-Myers,DE,21,2025,0,0,4,32,2,103,0,0,0,0,0,0,0,0,0,0,0,83,1,28.5,S.F. Austin,,FranJo02
4,136,CAR,Marquis Haynes,OLB,24,2024,0,0,0,7,7,73,0,0,0,0,0,0,0,0,0,0,0,67,,14.0,Mississippi,College Stats,HaynMa01
4,137,DAL,Dalton Schultz,TE,22,2025,0,0,4,25,18,112,0,0,0,0,0,0,0,0,344,3475,24,3,,,Stanford,College Stats,SchuDa00
5,138,GNB,Cole Madison,G,23,,0,0,0,,,,,,,,,,,,,,,,,,Washington St.,College Stats,MadiCo01
5,139,NYG,R.J. McIntosh,DT,22,2019,0,0,0,1,1,18,0,0,0,0,0,0,0,0,0,0,0,10,,2.0,Miami (FL),College Stats,McInR.00
5,140,OAK,Maurice Hurst Jr.,DT,23,2024,0,0,1,11,9,63,0,0,0,0,0,0,0,0,0,0,0,74,2,10.0,Michigan,College Stats,HursMa00
5,141,SEA,Shaquem Griffin,OLB,23,2020,0,0,0,4,4,46,0,0,0,0,0,0,0,0,0,0,0,17,,1.0,Central Florida,College Stats,GrifSh01
5,142,SFO,D.J. Reed,CB,21,2025,0,0,5,24,1,105,0,0,0,0,0,0,0,0,0,0,0,340,7,2.0,Kansas St.,College Stats,ReedD.00
5,143,NWE,Ja'Whaun Bentley,ILB,22,2024,0,0,4,36,36,83,0,0,0,0,0,0,0,0,0,0,0,280,2,10.5,Purdue,College Stats,BentJa00
5,144,TAM,Justin Watson,WR,22,2025,0,0,0,11,2,92,0,0,0,0,0,0,0,0,90,1352,9,17,,1.0,Pennsylvania,,WatsJu01
5,145,CHI,Bilal Nichols,DT,21,2025,0,0,5,37,22,101,0,0,0,0,0,0,0,0,0,0,0,124,1,14.0,Delaware,,NichBi00
5,146,SEA,Tre Flowers,S,23,2025,0,0,2,19,15,96,0,0,0,0,0,0,0,0,0,0,0,224,4,2.0,Oklahoma St.,College Stats,FlowTr01
5,147,LAR,Micah Kiser,ILB,23,2021,0,0,0,8,6,36,0,0,0,0,0,0,0,0,0,0,0,55,,,Virginia,College Stats,KiseMi00
5,148,PIT,Marcus Allen,S,22,2022,0,0,0,6,6,48,0,0,0,0,0,1,4,0,0,0,0,34,,,Penn St.,College Stats,AlleMa03
5,149,SEA,Michael Dickson,P,22,2025,1,1,2,19,19,121,0,0,0,0,0,3,-9,0,0,0,0,2,,,Texas,College Stats,DickMi00
5,150,CLE,Genard Avery,LB,23,2024,0,0,2,11,4,63,0,0,0,0,0,0,0,0,0,0,0,65,,8.5,Memphis,College Stats,AverGe00
5,151,CIN,Davontae Harris,CB,23,2022,0,0,0,5,0,42,0,0,0,0,0,0,0,0,0,0,0,53,,,Illinois St.,,HarrDa05
5,152,TEN,Dane Cruikshank,CB,23,2024,0,0,0,4,4,56,0,0,0,0,0,0,0,0,1,66,1,46,1,,Arizona,College Stats,CruiDa00
5,153,DET,Tyrell Crosby,T,23,2020,0,0,1,11,11,38,0,0,0,0,0,0,0,0,0,0,0,,,,Oregon,College Stats,CrosTy00
5,154,BUF,Siran Neal,CB,24,2025,0,0,0,6,5,119,0,0,0,0,0,0,0,0,1,13,0,95,,1.0,Jacksonville St.,,NealSi00
5,155,LAC,Scott Quessenberry,C,23,2022,0,0,2,13,8,79,0,0,0,0,0,0,0,0,0,0,0,,,,UCLA,College Stats,QuesSc00
5,156,DEN,Troy Fumagalli,TE,23,2020,0,0,0,1,1,19,0,0,0,0,0,0,0,0,14,118,2,1,,,Wisconsin,College Stats,FumaTr00
5,157,MIN,Tyler Conklin,TE,23,2025,0,0,4,19,8,119,0,0,0,0,0,5,5,0,268,2627,11,3,,,Central Michigan,College Stats,ConkTy00
5,158,CIN,Andrew Brown,DE,22,2022,0,0,0,2,2,28,0,0,0,0,0,0,0,0,0,0,0,13,,1.0,Virginia,College Stats,BrowAn05
5,159,IND,Daurice Fountain,WR,22,2021,0,0,0,0,0,8,0,0,0,0,0,0,0,0,2,23,0,1,,,Northern Iowa,,FounDa00
5,160,LAR,Ogbonnia Okoronkwo,DE,23,2025,0,0,0,12,2,81,0,0,0,0,0,0,0,0,0,0,0,89,,17.0,Oklahoma,College Stats,OkorOg00
5,161,CAR,Jermaine Carter Jr.,LB,23,2022,0,0,2,15,14,72,0,0,0,0,0,0,0,0,0,0,0,96,,0.5,Maryland,College Stats,CartJe00
5,162,BAL,Jordan Lasley,WR,21,,0,0,0,,,,,,,,,,,,,,,,,,UCLA,College Stats,LaslJo00
5,163,WAS,Tim Settle,DT,21,2025,0,0,0,15,4,117,0,0,0,0,0,0,0,0,0,0,0,81,,14.0,Virginia Tech,College Stats,SettTi00
5,164,NOR,Natrell Jamerson,S,22,2020,0,0,0,1,,21,0,0,0,0,0,0,0,0,0,0,0,11,,,Wisconsin,College Stats,JameNa00
5,165,PIT,Jaylen Samuels,TE,22,2021,0,0,0,7,7,45,4,5,35,0,1,136,468,1,85,564,4,1,,,North Carolina St.,College Stats,SamuJa00
5,166,BUF,Wyatt Teller,G,23,2025,0,3,6,37,1,101,0,0,0,0,0,0,0,0,1,-5,0,1,,,Virginia Tech,College Stats,TellWy00
5,167,MIN,Daniel Carlson,K,23,2025,1,0,2,21,-1,117,0,0,0,0,0,0,0,0,0,0,0,3,,,Auburn,College Stats,CarlDa00
5,168,SEA,Jamarco Jones,T,22,2024,0,0,0,7,7,38,0,0,0,0,0,0,0,0,0,0,0,,,,Ohio St.,College Stats,JoneJa08
5,169,IND,Jordan Wilkins,RB,24,2022,0,0,0,8,8,54,0,0,0,0,0,208,1009,4,41,262,0,4,,,Mississippi,College Stats,WilkJo01
5,170,CIN,Darius Phillips,CB,23,2022,0,0,1,7,7,56,0,0,0,0,0,0,0,0,0,0,0,60,5,,Western Michigan,College Stats,PhilDa02
5,171,DAL,Mike White,QB,23,2024,0,0,0,5,,15,199,324,2247,9,13,19,-1,1,0,0,0,,,,Western Kentucky,College Stats,WhitMi01
5,172,GNB,JK Scott,P,22,2025,0,0,2,12,5,105,1,2,3,0,0,1,0,0,0,0,0,2,,,Alabama,College Stats,ScotJK00
5,173,OAK,Johnny Townsend,P,23,2021,0,0,0,2,2,21,0,0,0,0,0,1,42,0,0,0,0,1,,,Florida,College Stats,TownJo01
5,174,GNB,Marquez Valdes-Scantling,WR,23,2025,0,0,5,28,18,110,0,0,0,0,0,10,52,0,207,3584,20,4,,,South Florida,College Stats,ValdMa00
6,175,CLE,Damion Ratley,WR,23,2020,0,0,0,4,3,31,0,0,0,0,0,0,0,0,29,407,1,1,,,Texas A&M,College Stats,RatlDa00
6,176,LAR,John Kelly,RB,21,2024,0,0,0,1,1,15,0,0,0,0,0,32,96,0,2,27,0,,,,Tennessee,College Stats,KellJo00
6,177,HOU,Duke Ejiofor,DE,23,2018,0,0,0,1,1,12,0,0,0,0,0,0,0,0,0,0,0,6,,1.0,Wake Forest,College Stats,EjioDu00
6,178,NWE,Christian Sam,ILB,22,,0,0,0,,,,,,,,,,,,,,,,,,Arizona St.,College Stats,SamxCh00
6,179,NYJ,Parry Nickerson,CB,23,2025,0,0,0,2,1,32,0,0,0,0,0,0,0,0,0,0,0,30,,,Tulane,College Stats,NickPa00
6,180,NYJ,Folorunso Fatukasi,DT,23,2025,0,0,4,26,11,90,0,0,0,0,0,0,0,0,0,0,0,111,,7.0,Connecticut,College Stats,FatuFo00
6,181,CHI,Kylie Fitts,DE,23,2021,0,0,0,1,0,28,0,0,0,0,0,0,0,0,0,0,0,9,,,Utah,College Stats,FittKy00
6,182,ARI,Christian Campbell,CB,22,,0,0,0,,,,,,,,,,,,,,,,,,Penn St.,College Stats,CampCh01
6,183,DEN,Sam Jones,G,22,2018,0,0,0,0,0,5,0,0,0,0,0,0,0,0,0,0,0,,,,Arizona St.,College Stats,JoneSa00
6,184,SFO,Marcell Harris,S,24,2022,0,0,0,14,13,63,0,0,0,0,0,0,0,0,0,0,0,105,1,1.0,Florida,College Stats,HarrMa03
6,185,IND,Deon Cain,WR,22,2020,0,0,0,1,0,15,0,0,0,0,0,0,0,0,9,124,0,,,,Clemson,College Stats,CainDe00
6,186,SEA,Jacob Martin,LB,22,2025,0,0,1,13,2,107,0,0,0,0,0,0,0,0,0,0,0,65,,22.0,Temple,College Stats,MartJa02
6,187,BUF,Ray-Ray McCloud,WR,21,2025,0,0,1,13,0,98,0,0,0,0,0,25,271,1,158,1518,2,3,,,Clemson,College Stats,McClRa00
6,188,CLE,Simeon Thomas,CB,24,2019,0,0,0,1,,12,0,0,0,0,0,0,0,0,0,0,0,5,,,Louisiana,College Stats,ThomSi00
6,189,NOR,Kamrin Moore,CB,21,2018,0,0,0,0,,2,0,0,0,0,0,0,0,0,0,0,0,,,,Boston Col.,College Stats,MoorKa01
6,190,BAL,DeShon Elliott,S,21,2025,0,0,4,23,9,74,0,0,0,0,0,0,0,0,0,0,0,283,5,4.5,Texas,College Stats,ElliDe02
6,191,LAC,Dylan Cantrell,WR,24,,0,0,0,,,,,,,,,,,,,,,,,,Texas Tech,College Stats,CantDy00
6,192,LAR,Jamil Demby,T,22,2019,0,0,0,1,1,6,0,0,0,0,0,0,0,0,0,0,0,,,,Maine,,DembJa00
6,193,DAL,Chris Covington,LB,22,2019,0,0,0,0,0,8,0,0,0,0,0,0,0,0,0,0,0,3,,,Indiana,College Stats,CoviCh01
6,194,ATL,Russell Gage,WR,22,2025,0,0,0,20,17,75,1,2,39,1,0,6,21,0,244,2491,14,10,,,LSU,College Stats,GageRu00
6,195,LAR,Sebastian Joseph-Day,DT,23,2025,0,0,4,35,17,93,0,0,0,0,0,0,0,0,0,0,0,158,1,14.5,Rutgers,College Stats,JoseSe00
6,196,KAN,Tremon Smith,WR,22,2025,0,0,0,7,1,105,0,0,0,0,0,1,7,0,0,0,0,52,2,,Central Arkansas,,SmitTr04
6,197,WAS,Shaun Dion Hamilton,LB,22,2020,0,0,0,8,8,46,0,0,0,0,0,0,0,0,0,0,0,70,1,2.5,Alabama,College Stats,DionSh00
6,198,KAN,Kahlil McKenzie,DT,21,2021,0,0,0,1,,12,0,0,0,0,0,0,0,0,0,0,0,5,,,Tennessee,College Stats,McKeKa00
6,199,TEN,Luke Falk,QB,23,2019,0,0,0,1,,3,47,73,416,0,3,0,0,0,0,0,0,,,,Washington St.,College Stats,FalkLu00
6,200,ATL,Foyesade Oluokun,S,23,2025,0,0,5,37,17,116,0,0,0,0,0,0,0,0,0,0,0,593,8,11.5,Yale,,OluoFo00
6,201,NOR,Boston Scott,RB,23,2023,0,0,0,11,,75,0,0,0,0,0,302,1295,16,71,566,1,3,,,Louisiana Tech,College Stats,ScotBo02
6,202,TAM,Jack Cichy,ILB,23,2020,0,0,0,0,0,16,0,0,0,0,0,0,0,0,0,0,0,4,,,Wisconsin,College Stats,CichJa00
6,203,JAX,Tanner Lee,QB,23,,0,0,0,,,,,,,,,,,,,,,,,,Nebraska,College Stats,LeexTa00
6,204,NYJ,Trenton Cannon,RB,24,2022,0,0,0,2,2,48,0,0,0,0,0,51,150,1,20,160,0,22,,,Virginia St.,,CannTr00
6,205,LAR,Trevon Young,DE,23,2018,0,0,0,0,0,2,0,0,0,0,0,0,0,0,0,0,0,,,,Louisville,College Stats,YounTr00
6,206,PHI,Matt Pryor,T,23,2025,0,0,2,18,5,97,0,0,0,0,0,0,0,0,0,0,0,,,,TCU,College Stats,PryoMa00
6,207,GNB,Equanimeous St. Brown,WR,21,2024,0,0,2,8,4,62,0,0,0,0,0,11,80,0,63,928,2,8,,,Notre Dame,College Stats,St.BEq00
6,208,DAL,Cedrick Wilson Jr.,WR,22,2024,0,0,0,11,6,83,6,6,132,2,0,6,7,0,121,1480,12,4,,,Boise St.,College Stats,WilsCe01
6,209,MIA,Cornell Armstrong,CB,22,2025,0,0,0,3,1,42,0,0,0,0,0,0,0,0,0,0,0,34,,,Southern Miss,College Stats,ArmsCo00
6,210,NWE,Braxton Berrios,WR,22,2024,1,0,0,11,,87,1,1,2,1,0,20,171,4,134,1323,6,1,,,Miami (FL),College Stats,BerrBr00
6,211,HOU,Jordan Thomas,TE,22,2020,0,0,1,2,2,27,0,0,0,0,0,0,0,0,22,226,5,,,,Mississippi St.,College Stats,ThomJo05
6,212,BAL,Greg Senat,T,23,2020,0,0,0,1,,10,0,0,0,0,0,0,0,0,0,0,0,,,,Wagner,,SenaGr00
6,213,MIN,Colby Gossett,G,23,2022,0,0,0,4,,36,0,0,0,0,0,0,0,0,0,0,0,,,,Appalachian St.,College Stats,GossCo00
6,214,HOU,Peter Kalambayi,LB,23,2020,0,0,0,3,3,41,0,0,0,0,0,0,0,0,0,0,0,17,,,Stanford,College Stats,KalaPe00
6,215,BAL,Bradley Bozeman,C,23,2025,0,0,6,37,23,118,0,0,0,0,0,0,0,0,0,0,0,1,,,Alabama,College Stats,BozeBr00
6,216,OAK,Azeem Victor,LB,22,,0,0,0,,,,,,,,,,,,,,,,,,Washington,College Stats,VictAz00
6,217,DEN,Keishawn Bierria,ILB,23,2019,0,0,0,1,1,21,0,0,0,0,0,0,0,0,0,0,0,3,,,Washington,College Stats,BierKe00
6,218,MIN,Ade Aruna,DE,24,,0,0,0,,,,,,,,,,,,,,,,,,Tulane,College Stats,ArunAd00
7,219,NWE,Danny Etling,QB,24,,0,0,0,,,,,,,,,,,,,,,,,,LSU,College Stats,EtliDa00
7,220,SEA,Alex McGough,QB,22,,0,0,0,,,,,,,,,,,,,,,,,,Florida International,College Stats,McGoAl00
7,221,IND,Matthew Adams,LB,22,2024,0,0,1,14,9,98,0,0,0,0,0,0,0,0,0,0,0,71,,,Houston,College Stats,AdamMa00
7,222,HOU,Jermaine Kelly,CB,23,,0,0,0,,,,,,,,,,,,,,,,,,San Jose St.,College Stats,KellJe01
7,223,SFO,Jullian Taylor,DT,23,2019,0,0,0,1,1,12,0,0,0,0,0,0,0,0,0,0,0,11,,,Temple,College Stats,TaylJu00
7,224,CHI,Javon Wims,WR,23,2022,0,0,0,1,1,34,0,0,0,0,0,1,2,0,28,266,2,,,,Georgia,College Stats,WimsJa00
7,225,MIN,Devante Downs,LB,22,2020,0,0,0,6,1,36,0,0,0,0,0,0,0,0,0,0,0,27,,,California,College Stats,DownDe00
7,226,DEN,David Williams,RB,24,2018,0,0,0,0,,6,0,0,0,0,0,8,36,0,0,0,0,,,,Arkansas,College Stats,WillDa011
7,227,MIA,Quentin Poling,LB,24,2019,0,0,0,0,,1,0,0,0,0,0,0,0,0,0,0,0,,,,Ohio,College Stats,PoliQu00
7,228,OAK,Marcell Ateman,WR,23,2021,0,0,0,2,2,19,0,0,0,0,0,0,0,0,20,270,1,,,,Oklahoma St.,College Stats,AtemMa00
7,229,MIA,Jason Sanders,K,22,2024,1,0,2,23,23,116,0,0,0,0,0,0,0,0,1,1,1,4,,,New Mexico,College Stats,SandJa00
7,230,JAX,Leon Jacobs,OLB,22,2020,0,0,1,7,7,29,0,0,0,0,0,0,0,0,0,0,0,50,,2.0,Wisconsin,College Stats,JacoLe00
7,231,LAR,Travin Howard,OLB,22,2022,0,0,0,3,3,29,0,0,0,0,0,0,0,0,0,0,0,35,1,,TCU,College Stats,HowaTr00
7,232,GNB,James Looney,DE,23,2018,0,0,0,0,0,3,0,0,0,0,0,0,0,0,0,0,0,,,,California,College Stats,LoonJa00
7,233,PHI,Jordan Mailata,T,21,2025,0,0,5,35,35,79,0,0,0,0,0,0,0,0,0,0,0,1,,,,,MailJo00
7,234,CAR,Andre Smith,ILB,21,2023,0,0,0,6,1,62,0,0,0,0,0,0,0,0,0,0,0,35,,,North Carolina,College Stats,SmitAn04
7,235,IND,Zaire Franklin,LB,22,2025,0,1,4,35,35,120,0,0,0,0,0,0,0,0,0,0,0,368,3,9.0,Syracuse,College Stats,FranZa00
7,236,DAL,Bo Scarbrough,RB,23,2020,0,0,0,2,,7,0,0,0,0,0,95,408,1,1,5,0,,,,Alabama,College Stats,ScarBo01
7,237,DET,Nick Bawden,RB,22,2023,0,0,0,0,0,35,0,0,0,0,0,2,4,1,8,58,0,1,,,San Diego St.,College Stats,BawdNi00
7,238,BAL,Zach Sieler,DE,23,2025,0,0,3,32,0,96,0,0,0,0,0,0,0,0,0,0,0,182,2,30.0,Ferris St.,,SielZa00
7,239,GNB,Hunter Bradley,LS,24,2022,0,0,0,3,3,58,0,0,0,0,0,0,0,0,0,0,0,1,,,Mississippi St.,College Stats,BradHu00
7,240,SFO,Richie James,WR,23,2023,0,0,1,13,6,66,0,0,0,0,0,4,5,0,105,1372,7,2,,,Middle Tenn. St.,College Stats,JameRi00
7,241,WAS,Greg Stroman,CB,22,2024,0,0,0,4,2,33,0,0,0,0,0,0,0,0,0,0,0,56,3,1.0,Virginia Tech,College Stats,StroGr00
7,242,CAR,Kendrick Norton,DT,21,,0,0,0,,,,,,,,,,,,,,,,,,Miami (FL),College Stats,NortKe01
7,243,NWE,Keion Crossen,CB,22,2022,0,0,0,6,1,75,0,0,0,0,0,0,0,0,0,0,0,85,,1.0,Western Carolina,,CrosKe00
7,244,LAR,Justin Lawler,DE,23,2021,0,0,0,1,1,19,0,0,0,0,0,0,0,0,0,0,0,4,,,SMU,College Stats,LawlJu00
7,245,NOR,Will Clapp,C,22,2024,0,0,1,12,4,66,0,0,0,0,0,0,0,0,0,0,0,,,,LSU,College Stats,ClapWi00
7,246,PIT,Joshua Frazier,DT,22,,0,0,0,,,,,,,,,,,,,,,,,,Alabama,College Stats,FrazJo00
7,247,JAX,Logan Cooke,P,23,2025,0,1,2,17,17,117,4,4,33,0,0,0,0,0,0,0,0,3,,,Mississippi St.,College Stats,CookLo00
7,248,GNB,Kendall Donnerson,OLB,22,,0,0,0,,,,,,,,,,,,,,,,,,SE Missouri St.,,DonnKe00
7,249,CIN,Logan Woodside,QB,23,2023,0,0,0,0,,13,4,7,34,0,1,14,10,0,0,0,0,,,,Toledo,College Stats,WoodLo00
7,250,NWE,Ryan Izzo,TE,22,2021,0,0,1,3,3,19,0,0,0,0,0,0,0,0,19,313,1,,,,Florida St.,College Stats,IzzoRy00
7,251,LAC,Justin Jackson,RB,22,2022,0,0,0,12,10,59,0,0,0,0,0,248,1210,5,77,609,1,10,,,Northwestern,College Stats,JackJu01
7,252,CIN,Rod Taylor,G,23,,0,0,0,,,,,,,,,,,,,,,,,,Mississippi,College Stats,TaylRo01
7,253,CIN,Auden Tate,WR,21,2021,0,0,1,5,5,35,0,0,0,0,0,0,0,0,61,799,2,,,,Florida St.,College Stats,TateAu00
7,254,ARI,Korey Cunningham,T,23,2022,0,0,0,4,2,31,0,0,0,0,0,0,0,0,0,0,0,,,,Cincinnati,College Stats,CunnKo00
7,255,BUF,Austin Proehl,WR,22,,0,0,0,,,,,,,,,,,,,,,,,,North Carolina,College Stats,ProeAu00
7,256,WAS,Trey Quinn,WR,22,2020,0,0,0,2,2,16,0,0,0,0,0,1,0,0,35,273,2,,,,SMU,College Stats,QuinTr00