"#","Player","Pos","Team","1","2","3","4","5","6","7","8","9","10","11","12","13","14","15","16","17","AVG","TTL"
"1","Christian McCaffrey","RB","SF","42.9","7.3","27.8","33.9","47.7","21.7","-","27.5","37.6","26.1","30.1","34.3","17.2","24.5","37.5","32.3","22.8","29.5","471.2"
"2","Lamar Jackson","QB","BAL","33.6","30.9","21.3","26.5","14.4","30.6","23.3","BYE","28.6","33.4","32.8","36.3","22.3","20.8","37.1","29.8","-","28.1","421.7"
"3","Michael Thomas","WR","FA","22.3","18.9","16.4","18.5","41.2","16.9","22.1","27.3","-","28.2","25.4","26.1","10.8","30.4","30.8","31.6","7.7","23.4","374.6"
"4","Dak Prescott","QB","DAL","33.4","28.7","23.5","8.6","26.2","18.2","21.6","BYE","22.5","26.9","31.6","7.9","23.7","17.5","17.7","11.3","29.6","21.8","348.8"
"5","Jameis Winston","QB","NYG","10.1","13.2","26.5","30.3","17.5","17.1","-","21.3","20.2","20.3","18.8","26.3","10.7","37.7","33.7","15","16.5","21","335.4"
"6","Russell Wilson","QB","NYG","16.6","24.2","41.3","14.3","29.9","28.9","15.3","15.7","39.2","17.6","BYE","10.5","17.9","11.6","19.3","11","20.2","20.9","333.6"
"7","Deshaun Watson","QB","CLE","31.7","12.9","25.8","11.6","41.7","31.4","17.5","27.8","19.7","-","5","19.9","28.9","30.1","18.9","10.1","-","22.2","333"
"8","Aaron Jones Sr.","RB","MIN","4.9","25","15.3","17.8","49.2","8","18.3","41.6","3.9","27.3","-","3.8","7.1","31.2","17.1","28","16.3","19.7","314.8"
"9","Ezekiel Elliott","RB","FA","13.3","20","15.9","16.5","17.1","26.3","26.7","-","13.9","8.3","19.3","16.6","20.7","23.3","31","15.4","27.4","19.5","311.7"
"10","Austin Ekeler","RB","WAS","39.4","23.3","15.1","29.2","22.3","5.8","25.5","10.2","13.3","12.8","21.2","-","16.7","31.3","13.1","11.9","17.9","19.3","309"
"11","Josh Allen","QB","BUF","18","22.2","19.3","11.7","18.5","BYE","21.3","17.3","17.6","25.4","33.8","20","23.5","10.7","17.4","20.6","0.2","18.6","297.6"
"12","Kyler Murray","QB","ARI","22.6","16.4","19.8","17.3","25.4","28.8","7","10.1","23","27.8","26.7","BYE","14.3","13","17.4","12.7","15","18.6","297.3"
"13","Derrick Henry","RB","BAL","28.9","17.4","11.6","11.8","13.8","4.3","17.8","7.3","24.9","33.1","-","28.5","23.6","23.9","8.6","-","39.1","19.6","294.6"
"14","Dalvin Cook","RB","FA","26","28.1","24.3","19","25.8","13.4","27.9","28.1","15.6","31.3","16.7","-","13.4","15.5","7.3","-","-","20.9","292.4"
"15","Patrick Mahomes II","QB","KC","27.3","31.6","27.9","18","18.5","19.8","7.2","-","-","29.8","16.2","BYE","19.5","14.9","23.7","25.4","12.1","20.9","292"
"16","Carson Wentz","QB","MIN","25","19.5","21.7","19.7","12.1","21.5","7.8","14.4","15.1","-","12.3","10.9","25.4","19.9","21.5","19","17.1","17.7","282.9"
"17","Aaron Rodgers","QB","PIT","12.9","14.4","13","26.5","9.4","19.3","43.8","27.1","12.9","10","-","9.5","28.1","11.4","14.4","9.3","20","17.6","282.1"
"18","Matt Ryan","QB","FA","20.6","22.1","23.5","15.7","32.9","30.9","3.6","-","-","15.6","16.4","8.6","18.6","21.3","19.1","18","14.5","18.8","281.3"
"19","Chris Godwin Jr.","WR","TB","14.3","26.1","7","41.2","31.5","25.1","BYE","10.3","13.9","13.4","13.7","37.4","9","16.1","17.1","-","-","19.7","276.1"
"20","Julio Jones","WR","FA","15.1","27.6","26.8","9.3","7.2","18.8","15.3","25.2","-","10.9","14.7","11.8","-","11.6","38.4","26.6","14.8","18.3","274.1"
"21","Tom Brady","QB","FA","25.6","24.7","20.1","4.7","24.9","23","13","18.4","14.4","-","8.5","11.3","25.3","11.8","12.9","17.2","15.8","17","271.7"
"22","Cooper Kupp","WR","SEA","11.6","17.6","33.1","26.9","26.7","5.7","11","35","-","0","8.3","9.5","18.5","14.5","16.1","13.1","22.9","16.9","270.5"
"23","DeAndre Hopkins","WR","BAL","31.1","9","12.7","8.1","15.8","16.5","25.6","21.9","19.4","-","15","27.4","15.6","26.2","17.9","7.3","-","18","269.5"
"24","Jared Goff","QB","DET","10.4","19.1","16.1","23.7","18.9","1.1","25","22.9","-","5.7","6.2","6.4","25","18.1","18.6","21.1","25.2","16.5","263.5"
"25","Keenan Allen","WR","LAC","26.3","17.8","43.6","9.8","5.8","5.3","10.1","12.3","7","16.6","21.1","BYE","18.8","13.3","18.9","11.6","23.2","16.3","261.5"
"26","Jimmy Garoppolo","QB","LAR","11.4","23.6","11.4","-","14.9","13.1","7","14","28.9","11","31.7","18.2","9.1","29.1","12.6","12.4","11.8","16.3","260.3"
"27","Leonard Fournette","RB","FA","11.4","12.7","15.2","26.5","23.7","17.8","16.5","20.6","12.2","-","12.7","36.9","18.1","9.3","12.3","13.5","-","17.3","259.4"
"28","Julian Edelman","WR","FA","16.4","9.2","19.2","7","25","20.3","13.7","27.5","16.9","-","14.9","17.3","21.9","24.3","2.9","14.2","5.6","16","256.3"
"29","Philip Rivers","QB","FA","24.9","11.9","19.6","20.4","6.1","16.8","21.2","11","11.8","13.3","16.1","-","17.6","24.6","11.3","11.2","17.7","16","255.5"
"30","Nick Chubb","RB","HOU","11.5","19.8","17.1","39.3","10.9","28.9","-","10.8","13.1","14.1","9.2","25.4","8.9","12.7","23.8","4.5","5.2","16","255.2"
"31","Allen Robinson II","WR","FA","17.2","8.1","12","14.7","28.7","-","24.7","11.2","1.6","14.6","5.5","25.1","22.6","21.8","19.5","11.3","16.3","15.9","254.9"
"32","Travis Kelce","TE","KC","11.8","23.7","15.9","15.5","11","9.8","10.4","16.3","13.2","20.5","22.2","BYE","14","18","25.2","21.4","5.4","15.9","254.3"
"33","Derek Carr","QB","FA","14.6","11.7","16.7","13.5","8","-","16.7","23.4","19.6","13.1","20.8","5.2","11.6","20.2","15.9","21.9","19.6","15.8","252.4"
"34","Kirk Cousins","QB","ATL","14.3","10.9","12.6","7.3","20.5","28.3","29.2","11.6","21.3","19.3","22.9","-","18","13.6","12.7","7.9","-","16.7","250.4"
"35","Baker Mayfield","QB","TB","12.4","16","10.7","16.8","0","22.5","BYE","12.6","17.1","17.6","21.8","24.6","9","13","18","15.1","23.1","15.6","250.2"
"36","Alvin Kamara","RB","NO","23.9","7","37.1","11.9","16.9","13.6","-","-","BYE","15.4","22.2","19.2","12.4","6.3","13.9","29","19.7","17.8","248.5"
"37","Kenny Golladay","WR","FA","14.2","25.7","3.7","23.7","-","17.1","3.1","28.3","23.2","14.7","4.4","10.1","25.8","17.8","7.4","18.6","10.2","15.5","248"
"38","Amari Cooper","WR","FA","22.6","14.4","26.8","9.8","39.6","1.3","15.6","-","18","31.7","6.8","0","16.5","20.3","2.9","6.4","13.8","15.4","246.5"
"39","DeVante Parker","WR","FA","10.5","0","8.6","17","-","11.8","16.5","11.9","15.7","11.9","20.5","15.1","34.9","4.8","23.2","22.1","21.7","15.4","246.2"
"40","Saquon Barkley","RB","PHI","17.9","22.5","7.7","-","-","-","17","28.3","15.5","8.1","-","8","14.5","9.7","30.3","43.9","20.7","18.8","244.1"
"41","Mark Ingram II","RB","FA","22.7","9.7","35.5","8.1","12.9","15.4","6.3","-","14.4","9.4","23.5","24.8","8.2","10.9","23.6","17.1","-","16.2","242.5"
"42","Jarvis Landry","WR","FA","11.7","6.2","9.2","24.7","11.5","6.6","-","11.5","17.1","24.7","14.3","36.8","13.6","11.6","7.3","14.4","16.2","14.8","237.4"
"43","Gardner Minshew II","QB","KC","18.6","16.1","18","16.7","21.2","5.6","21","24","9.8","-","-","BYE","11.7","13.6","18.7","14.8","25.5","16.8","235.2"
"43","Tyler Lockett","WR","TEN","11.4","17.9","32.4","9.1","14.3","12.8","16.8","16","40.2","5.9","BYE","4.8","0","8.3","26","2.2","17.1","14.7","235.2"
"45","Robert Woods","WR","FA","16.6","6.2","8.8","29.4","9.8","7.6","13.6","6.2","-","16.5","-","15.7","30.2","25.7","5.7","20.3","20.6","15.5","232.9"
"46","Mike Evans","WR","TB","4.8","10.1","45","18.9","0","20.6","BYE","42.8","36","12.2","10.9","9","9.3","13.1","-","-","-","17.9","232.7"
"47","Chris Carson","RB","FA","24","9.7","4","18.5","19.3","25.9","10.4","15","13.3","19.1","-","9.7","17.9","12.1","26.7","7","-","15.5","232.6"
"48","New England Patriots","DST","NE","10","37","14","25","14","27","25","21","4","BYE","11","8","2","7","20","5","2","14.5","232"
"49","DJ Moore","WR","CHI","12.6","17.9","13.4","7.4","15.1","15.6","-","8.8","17.1","21","17.5","31.4","19.2","12.1","20.3","1.1","-","15.4","230.5"
"50","Ryan Tannehill","QB","FA","-0.2","-","-","-","-","5.4","20.2","19.4","25","18.9","-","32.4","13.8","28.5","25.2","23.7","17.9","19.2","230.2"
"51","Drew Brees","QB","FA","21.8","0.5","-","-","-","-","-","25.9","-","11.5","21.1","23.4","11.3","40.1","28.3","22.9","22","20.8","228.8"
"52","Daniel Jones","QB","IND","-0.8","-","34.2","14.3","11.5","8.2","11.4","28.2","12.8","30.3","-","14.7","11.2","-","-","35.3","15.6","17.5","227"
"53","DJ Chark Jr.","WR","FA","24.6","18.5","17.6","8.4","36.4","7.3","10.3","19.9","7.2","-","30.4","10.8","6.7","16.5","-","3.8","7.4","15.1","225.8"
"54","Joe Mixon","RB","HOU","3.7","5.7","17.4","10.3","11.9","5.9","7.4","17.7","-","17.1","17.3","7.9","17","27.6","18.6","9.3","30.6","14.1","225.4"
"55","Jacoby Brissett","QB","ARI","16.5","17.3","20.8","23.5","11.9","-","27.6","9.5","2.8","-","16.1","13.2","14.7","22.6","7.3","15.7","4.2","14.9","223.7"
"56","Tyler Boyd","WR","FA","14.3","22.2","12.8","6.3","28.3","4","8.5","12.8","-","12.2","2","19.1","16.9","13.2","5.6","33.8","10.9","13.9","222.9"
"57","George Kittle","TE","SF","13.4","8.4","11.7","BYE","20.8","18.3","6.8","14.6","19.9","-","-","24.9","3.4","18.7","26.4","18.9","16.3","15.9","222.5"
"58","Courtland Sutton","WR","DEN","19","8","13.7","24.2","19.2","11.6","14.7","10.2","17.3","BYE","18.8","3.7","23.4","8.4","11.9","9.1","9.2","13.9","222.4"
"59","Darren Waller","TE","MIA","14","12.3","27.1","12.3","7.9","-","31.6","9.1","7.2","7","12.6","7.1","17","11.2","20.2","7.7","16.7","13.8","221"
"60","John Brown","WR","FA","25.3","14.2","9.5","11.9","12.5","-","19.3","10.4","11.6","12.7","34.7","11.9","10.7","5.6","16.9","12.6","-","14.7","219.8"
"61","Miles Sanders","RB","DAL","3.7","6.7","12.6","7.2","10.4","18.2","6.2","22.8","10.3","-","6.7","11.6","21.5","10.9","35.2","26.6","8.1","13.7","218.7"
"62","Andy Dalton","QB","CAR","20.7","19.6","18.1","4.6","19","14.6","21.3","18.2","-","-","-","-","13.3","10.6","6.1","33.8","17.6","16.7","217.7"
"63","A.J. Brown","WR","PHI","13","5.5","1.4","24.4","4.7","4.3","12.2","9.1","12.1","2.7","-","23.5","7.5","33.6","25.4","15.3","22.4","13.6","217.1"
"64","Zach Ertz","TE","WAS","10.4","17.2","10.4","13.5","16.7","7.4","5.8","4","25.3","BYE","18.4","27.1","5.4","30.1","17.1","6.8","-","14.4","215.6"
"65","Le'Veon Bell","RB","FA","23.2","20.9","10.3","-","15.8","12.3","8.6","6.5","20.1","16.8","17.2","15.8","10.7","-","10.8","13.3","12.7","14.3","215"
"66","Kenyan Drake","RB","FA","4.7","9.8","8.2","10.3","-","13","8.8","-","28.2","10.1","14","-","7.1","9.7","39.6","33.4","17.3","15.3","214.2"
"67","Mitchell Trubisky","QB","BUF","9.2","5.6","20.4","0.4","-","BYE","20","8.1","6.5","19.7","11","20.9","24.9","33.1","18.3","8.3","6.4","14.2","212.8"
"68","Michael Gallup","WR","FA","22.8","12.8","-","-","24.3","8.8","6.4","-","11.3","17.6","23.8","9.5","9.3","16.9","1.6","14.8","32.8","15.2","212.7"
"69","Davante Adams","WR","LAR","7.6","17.6","9.6","28","-","-","-","-","11.1","18.8","-","19.3","24.4","8.1","23.3","22.6","22.3","17.7","212.7"
"70","Stefon Diggs","WR","NE","5.7","9.9","4.5","15.8","7.4","43.5","21.3","19.3","2.6","7.9","23.1","-","9.2","15.2","12","14.7","-","14.1","212.1"
"71","Mark Andrews","TE","BAL","24.8","25.2","4.5","13.1","9.5","13.9","5.9","BYE","4.1","23.3","17.5","6.5","14","2.4","15.2","27.3","-","13.8","207.2"
"72","Sam Darnold","QB","SEA","13","-","-","-","-","20.6","-2.7","15.6","13.5","21.7","26.4","28.2","10.5","18.1","16.8","9.6","10.8","15.6","202.2"
"73","Odell Beckham Jr.","WR","FA","14.1","28.1","11.6","4","5","16.1","-","10.2","13.2","10.7","10","20.4","5.9","5.9","14.6","14.4","17.1","12.6","201.3"
"74","James White","RB","FA","13.2","11.9","-","13.8","13.2","13.5","12.9","11.9","16.4","-","9.6","0.9","37.7","12.4","15.2","6.9","10.7","13.3","200.2"
"75","Phillip Lindsay","RB","FA","10.6","10.6","29","7","24.7","15.5","4.2","12.6","15.2","-","9.5","7.8","9.2","13.5","3.2","19.8","5.3","12.4","197.7"
"76","Jamison Crowder","WR","FA","24.3","8","4.5","-","3","15.8","6.6","5.4","22.3","19.1","18.6","3.8","2.8","5.9","27","10","20.6","12.4","197.7"
"77","Devonta Freeman","RB","FA","4.1","9.4","12.5","18","18","26.8","4.5","16.2","-","7.8","-","-","10.4","19.4","7.5","33.7","9.3","14.1","197.6"
"78","Calvin Ridley","WR","TEN","16.4","24.5","1.6","6.2","19.8","14.8","7","13","-","7.7","28.3","22","17.1","18.6","-","-","-","15.2","197"
"79","Marvin Jones Jr.","WR","FA","10","9.3","22.1","10.7","-","3.7","43.3","6.2","26.6","12.7","19.9","9.6","13","6.8","-","-","-","14.9","193.9"
"80","Kyle Allen","QB","DET","0","-","24.3","3.3","11.6","17.4","-","3.3","15.9","14.5","9.7","23.1","24.3","20.1","14.6","-","11.3","13.8","193.5"
"81","Terry McLaurin","WR","WAS","23.5","17.2","19","-","8.1","26","2.1","7.9","7.9","BYE","9.9","12.2","2.8","15.7","24","15.6","-","13.7","191.9"
"82","Austin Hooper","TE","NE","16.7","7.4","24.6","22","13.6","25.7","14.6","18.5","-","11.7","-","-","-","5.2","5","15.2","11.5","14.7","191.7"
"83","Josh Jacobs","RB","GB","24.3","9.9","4.4","12.8","29.3","-","16.4","10.1","24","19.1","13.4","4.6","10.4","-","12.9","-","-","14.7","191.6"
"84","Emmanuel Sanders","WR","FA","19.6","28.8","3","15.4","1.9","1","11","12.5","24.2","4.4","6.3","2.5","8.1","34.1","2.9","9.1","5.5","11.2","190.3"
"85","Deebo Samuel Sr.","WR","WAS","4.7","20.3","7.4","-","1.3","4.9","-","13.8","8","19.2","21.4","13","14.1","15.9","4.7","15.9","24.5","12.6","189.1"
"86","Tyreek Hill","WR","MIA","4.1","-","-","-","BYE","25","16.4","14.1","26.5","33","0","-","10.1","13","23.8","12.2","10.1","15.7","188.3"
"87","DK Metcalf","WR","PIT","12.9","15.1","8.7","1.6","12.4","11.3","7.3","16.3","27","11","-","6.5","11.5","13.8","11.6","0","20.1","11.7","187.1"
"88","Cole Beasley","WR","FA","9","12.3","14.8","14.5","5.1","-","10.6","13.1","9.3","11.4","7.8","19.6","23","14.9","1.6","17.8","-","12.3","184.8"
"89","Marlon Mack","RB","FA","25.4","8.3","16.8","3.9","17.8","-","8.6","16","8.9","9.2","16.9","-","-","9.8","1.9","18.1","19.7","13","181.3"
"90","Pittsburgh Steelers","DST","PIT","0","7","11","19","11","14","BYE","13","19","25","1","12","13","18","6","5","7","11.3","181"
"91","Melvin Gordon III","RB","FA","-","-","-","-","7.8","7.8","8.9","11.4","25.9","20.3","12","-","13","19.4","7.4","22.7","24.2","15.1","180.8"
"92","Curtis Samuel","WR","BUF","6.2","14.3","16.3","6.3","7.4","23.8","-","8.6","16.4","13.5","6.5","5.9","16.5","6.2","16.4","4.1","3.3","10.7","171.7"
"93","Matthew Stafford","QB","LAR","27.6","17.1","12.1","23.4","-","11.5","29.6","24.4","25.8","-","-","-","-","-","-","-","-","21.4","171.6"
"94","David Montgomery","RB","DET","5.5","13.8","11.1","9.7","10.6","-","1.9","24.7","22.6","6","6","5.1","16.7","6.6","5.9","6.9","17.3","10.7","170.4"
"95","Darius Slayton","WR","NYG","-","-","11.2","3.3","16.2","6.2","4.8","19","1.6","34.1","BYE","10.7","10.4","32.4","11.1","0","9","12.1","170"
"96","Christian Kirk","WR","HOU","10.4","17.4","15.9","8.3","-","-","-","17.8","3.6","37.8","10.2","-","5.3","16.9","10.1","0.9","13.6","12.9","168.2"
"97","Jared Cook","TE","FA","5.7","4.5","1.7","5.1","14.1","12.7","-","-","-","13.4","11.3","21.9","11.5","20.4","9.4","23.4","12.4","12","167.5"
"98","Ronald Jones II","RB","FA","10.3","0.9","13.1","15.2","7.6","7","-","6.2","16.2","22.6","3.4","15.7","0.8","9.9","5.9","19.9","11.6","10.4","166.3"
"99","Harrison Butker","K","KC","17","4","10","11","7","7","12","6","18","16","7","BYE","10","13","10","10","8","10.4","166"
"100","Raheem Mostert","RB","LV","5","24.1","5.9","-","3.4","1.3","0","12","-0.2","4.5","4.7","13.7","23.4","24.9","10.9","11.3","20.3","10.3","165.2"
"101","Tarik Cohen","RB","FA","12.9","4.5","4.4","9.8","10.9","-","11.9","7.6","3.6","13.7","18.4","12.4","7.5","9.1","15.5","6.3","15.4","10.2","163.9"
"102","Diontae Johnson","WR","FA","5.5","2.7","14.8","17.7","7.7","3.4","-","19.4","1.5","10.4","3.7","5.9","4.1","25.6","9.2","22.1","9.4","10.2","163.1"
"103","Wil Lutz","K","DEN","15","12","3","14","7","8","10","7","-","10","11","11","17","13","10","9","6","10.2","163"
"103","San Francisco 49ers","DST","SF","27","7","7","BYE","19","10","15","17","3","19","14","11","4","-2","4","7","1","10.2","163"
"105","Robbie Chosen","WR","WAS","5.3","12.1","4.1","-","2.6","23.5","2","8.3","5.3","2.1","7.6","18.6","17.1","25.1","12.6","11.2","4.8","10.1","162.3"
"106","Mike Williams","WR","FA","4.9","11.3","7.5","-","13.4","12.2","8.7","9.9","14.3","7.5","9.6","-","16.7","14.3","17.1","8.1","5.8","10.8","161.3"
"107","Tyler Higbee","TE","LAR","12","4.1","-","8.1","7.7","5.5","1.8","1.8","BYE","5.2","0","7","23.7","18.6","23.1","19.4","22.4","10.7","160.4"
"108","Latavius Murray","RB","FA","12.7","3.3","0.2","3","5.4","10.9","32","36.7","-","3.9","5.2","12.4","0.2","11.4","6.9","4.5","8.5","9.8","157.2"
"109","Dede Westbrook","WR","FA","14.2","1.3","10","11.6","15.2","8.3","17.7","0","-","-","7.2","14.9","19","8.5","4.1","2.5","22.2","10.4","156.7"
"110","Chris Conley","WR","FA","21.7","11.3","5","2.7","3.6","0","13.3","20.3","5.2","-","11.8","8.9","9.7","1.7","20.9","13.6","6.8","9.8","156.5"
"111","Randall Cobb","WR","FA","16.9","8.5","4.3","7.1","8.3","-","4.9","-","7.5","22.6","21.5","12.6","8.3","6.3","0.7","12.3","13.1","10.3","154.9"
"112","Duke Johnson Jr.","RB","FA","13","3.1","4.4","9.8","7.7","13.4","7.6","13.4","19.1","-","6.4","4","20","10.5","4.3","0.6","16.7","9.6","154"
"113","Carlos Hyde","RB","FA","9.5","9","7.9","10.4","12","18","3.5","8.3","14","-","12.5","6.7","3.2","9.8","16.4","10.7","1.3","9.6","153.2"
"114","Baltimore Ravens","DST","BAL","13","4","0","-1","5","5","18","BYE","13","24","15","13","7","9","8","4","16","9.6","153"
"114","Justin Tucker","K","FA","11","13","4","6","16","13","12","-","7","7","12","9","9","6","4","7","17","9.6","153"
"116","Sony Michel","RB","FA","1.4","12.3","7.1","6.3","21.3","13.3","22.4","7.4","4","-","6.4","8.5","4.5","1.9","11.3","11.1","13.4","9.5","152.6"
"117","Golden Tate","WR","FA","-","-","-","-","4.3","22.2","14","16.5","11.8","23.5","-","12.3","-","2.1","12.1","15.6","17.8","13.8","152.2"
"118","Hunter Henry","TE","NE","10","-","-","-","-","30","15.7","8.7","15.4","13","14.9","-","3","11.9","2.9","9.5","15.2","12.5","150.2"
"119","Kansas City Chiefs","DST","KC","5","11","2","13","3","5","24","4","1","5","11","BYE","22","8","11","10","13","9.3","148"
"120","Devin Singletary","RB","NYG","14.8","11.7","-","-","-","-","2.6","14.9","23","8","8.9","12.4","19.1","17.8","8.9","5.8","-","12.3","147.9"
"121","Adrian Peterson","RB","FA","0","11.2","4.4","2.8","1.8","15.6","6.1","12.3","14","-","5","5.9","15.9","13.6","18.1","13.5","6.8","9.2","147"
"122","Marquise Brown","WR","KC","30.7","16.6","6.9","6.2","11.2","-","-","-","7.8","18","4.3","21.2","1.1","2.8","14.5","1.6","3.5","10.5","146.4"
"123","Los Angeles Rams","DST","LAR","9","8","9","6","2","7","21","9","BYE","19","9","-1","18","14","-4","9","11","9.1","146"
"124","Jamaal Williams","RB","FA","3.5","13.1","10.2","1","-","23.6","13.1","18.6","16.9","6.3","-","15","10.7","2.4","4.3","7.2","-","10.4","145.9"
"125","James Conner","RB","ARI","10.5","13.5","7.7","26.5","11.5","30.9","-","24","-","-","2.6","BYE","-","-","15.1","3.2","-","14.6","145.5"
"126","Matt Gay","K","WAS","5","9","16","15","7","6","-","10","12","14","7","5","8","9","9","11","2","9.1","145"
"127","Dallas Goedert","TE","PHI","3.6","-","0","9.6","2.1","9.8","14.9","11.2","7.9","BYE","12.6","8.2","12.6","7.1","10.5","24.1","10.5","9.6","144.7"
"128","Minnesota Vikings","DST","MIN","16","6","7","2","12","9","3","12","7","3","4","BYE","8","13","27","9","6","9","144"
"129","Tyrell Williams","WR","FA","22.5","15.6","11.9","12.6","-","-","-","18.1","7.8","5.5","12.2","3.8","1.9","6.5","12.5","12.2","0","10.2","143.1"
"130","New Orleans Saints","DST","NO","7","5","14","11","6","11","10","8","BYE","3","17","5","16","1","5","6","18","8.9","143"
"131","Royce Freeman","RB","FA","7.1","15.2","11.3","9","8.7","12.6","16.7","11.5","2.4","-","5.5","4.9","6.4","11.2","6.6","11.7","1.4","8.9","142.2"
"132","Sterling Shepard","WR","TB","10.2","-","27.1","16.9","9.7","-","BYE","-","-","-","-","8.7","13","7.6","20.1","19.6","8.9","14.2","141.8"
"133","David Johnson","RB","FA","25.7","8.4","18.5","21.9","18.6","28.2","0.2","-","-","0","0","-","4.4","13.3","0.6","1.7","-","10.9","141.5"
"134","Damien Williams","RB","FA","18.5","8.6","-","-","6.8","9","2.6","9","20.8","13.9","2.3","-","-","-","-","18.2","31.4","12.8","141.1"
"135","Danny Amendola","WR","FA","23.4","0","7.7","-","-","1.6","18.5","17.5","5.9","6.9","8.7","5.1","6.2","8.4","18.2","4.1","8.4","9.4","140.6"
"136","Jason Witten","TE","FA","10.5","12.5","8.4","7","5.9","10.7","7.3","-","13.8","3.7","8.3","1.5","18.2","8.7","13.6","3.4","6.4","8.7","139.9"
"137","Sammy Watkins","WR","FA","46.8","10.9","11.4","6.4","0","-","-","9.5","13.3","10.1","4.6","-","0","9","9.9","4.8","1.8","9.9","138.5"
"138","Breshad Perriman","WR","FA","3","0","2.9","0","-","-","-","0","14.2","3.7","3","5.4","13.7","16","34.6","17.2","24.4","9.9","138.1"
"139","Buffalo Bills","DST","BUF","10","6","11","6","11","BYE","11","4","8","5","10","13","11","3","18","2","8","8.6","137"
"140","Zane Gonzalez","K","FA","14","9","9","4","14","10","10","11","5","11","9","-","1","5","8","10","6","8.5","136"
"140","Mike Gesicki","TE","CIN","5.1","2.1","3.9","0","-","8.1","8.1","3","15.5","3.8","5.8","11.8","18.9","1.6","8.7","26.2","13.4","8.5","136"
"142","Tevin Coleman","RB","FA","7.6","-","-","-","15.7","14.1","8.1","37.8","5.6","11.2","9.2","12.9","2.5","0.6","4","3.3","2.8","9.7","135.4"
"143","Zach Pascal","WR","FA","0","0","13.3","11.2","3","-","28.6","1.6","18.6","4.6","3.7","0","17.9","20.4","8.4","1.6","2.4","8.5","135.3"
"144","William Fuller V","WR","FA","8.9","8","10.1","5.3","53.7","9.4","1.6","-","-","-","-","21","1.8","-","11.1","3.1","-","12.2","134"
"144","Tampa Bay Buccaneers","DST","TB","12","6","8","15","1","0","BYE","5","1","6","0","16","23","2","15","10","14","8.4","134"
"144","Josh Lambo","K","FA","8","7","10","15","9","6","13","12","3","-","1","9","5","4","9","7","16","8.4","134"
"147","James Washington","WR","FA","7.1","4.3","3.4","0","8.2","-","-","3.1","10.9","19","7.9","18.8","21.1","7.3","13.3","9.1","0","8.9","133.5"
"148","Hunter Renfrow","WR","CAR","3.3","7","5.8","3.8","2.2","-","3.4","18.8","17.4","8.2","11.6","6.1","-","-","-","23.7","22.2","10.3","133.5"
"149","New York Jets","DST","NYJ","18","5","16","BYE","4","1","1","3","6","16","9","18","1","4","5","12","14","8.3","133"
"149","Matt Prater","K","BUF","11","1","9","15","-","21","7","9","6","9","3","11","8","1","6","5","11","8.3","133"
"149","Tennessee Titans","DST","TEN","23","8","1","11","7","4","4","11","6","11","BYE","6","20","10","5","-1","7","8.3","133"
"152","Dan Bailey","K","FA","4","4","12","0","16","8","6","16","5","8","3","-","7","10","16","4","13","8.3","132"
"153","Brandon McManus","K","GB","10","8","4","6","10","13","0","7","7","-","13","4","15","8","3","9","14","8.2","131"
"154","Greg Zuerlein","K","FA","15","9","10","13","12","1","15","6","-","4","5","7","10","4","1","9","8","8.1","129"
"155","Anthony Miller","WR","FA","0","1.2","2.5","3.1","9.2","-","9.3","9.7","0","1.7","11.4","13.7","23","13.2","26.8","1.2","1.5","8","127.5"
"156","Indianapolis Colts","DST","IND","7","5","2","3","10","BYE","9","7","8","8","10","4","10","11","-1","30","4","7.9","127"
"157","Chris Boswell","K","PIT","3","9","9","10","12","6","BYE","11","16","5","1","11","8","11","5","5","4","7.9","126"
"158","T.Y. Hilton","WR","FA","28.7","14.3","20.5","-","7.7","-","19.4","7.4","-","-","-","4.8","-","-","6.5","5.6","10.2","12.5","125.1"
"159","Seattle Seahawks","DST","SEA","12","3","2","16","3","9","2","9","3","18","BYE","17","6","11","7","4","2","7.8","124"
"160","Greg Olsen","TE","FA","7.6","17","25.5","2.5","0","9.2","-","3.3","7","17.8","10.7","9.4","5.2","-","-","5.3","3.2","8.8","123.7"
"161","Alshon Jeffery","WR","FA","22.1","0","-","12.8","11.2","23.6","5.8","10.4","7.6","-","-","-","28.7","0","-","-","-","12.2","122.2"
"162","DeAndre Washington","RB","FA","0.8","5.5","2.2","4.6","12.6","-","5.1","3.7","3.8","3.9","3.3","2.9","7.9","21.6","4.2","18.6","21.2","7.6","121.9"
"163","Kenny Stills","WR","FA","12.7","5.8","12.9","4.4","-","-","14.5","5.2","9.2","-","6.7","1.6","15.1","2.8","18.5","10.7","-","9.2","120.1"
"164","Mecole Hardman Jr.","WR","FA","0","16.1","18.4","0.9","11.3","8.5","10.8","13.5","-1.3","13.3","3.3","-","0.9","11.8","2","0","10","7.5","119.5"
"165","Joey Slye","K","TEN","12","16","8","13","4","4","-","4","6","6","3","10","3","10","8","8","4","7.4","119"
"166","LeSean McCoy","RB","FA","10.3","5.3","23","16.9","2.3","6.4","9.6","8.3","1.9","-","15.7","-","12","5.3","1.6","-","-","9.1","118.6"
"167","Nyheim Hines","RB","FA","5.7","2.4","5.9","10.5","8.5","-","2.6","7.6","3.8","8.4","12.5","8.1","12","4.5","3.2","13.6","8.6","7.4","117.9"
"168","Mason Rudolph","QB","PIT","-","12.2","15.5","16.9","9.2","-","BYE","17","11.1","13.6","10.3","2.8","-","-","-","9.2","-","11.8","117.8"
"169","Brandin Cooks","WR","NO","5.9","16.6","20","13.1","6.6","6.2","9.9","0","BYE","-","-","5.3","4.4","0","8.6","13.9","7","8.4","117.5"
"170","Jason Myers","K","SEA","3","4","3","9","7","8","10","12","8","11","BYE","5","13","6","6","9","3","7.3","117"
"170","Randy Bullock","K","FA","8","5","6","3","12","5","5","4","-","8","5","4","9","15","8","9","11","7.3","117"
"172","Peyton Barber","RB","FA","6.5","15.9","7.5","7.9","10.1","2.8","-","3.8","1.5","11.7","9.1","3.2","18.4","7.3","6","-0.7","5.5","7.3","116.5"
"173","Jason Sanders","K","MIA","6","0","6","4","BYE","4","3","2","6","13","2","6","14.1","24","9","8","9","7.3","116.1"
"174","Austin Seibert","K","FA","1","13","7","11","3","2","-","8","13","8","3","12","7","11","7","4","6","7.3","116"
"174","Robbie Gould","K","FA","12","11","6","-","8","8","9","9","4","-","-","-","5","13","12","10","9","8.9","116"
"176","Corey Davis","WR","FA","0","6.8","7.4","20.1","4.8","6.6","20","2.9","8.8","-","-","4.9","3.3","5.4","8.7","7","8.4","7.7","115.1"
"177","Mason Crosby","K","FA","4","3","11","9","10","12","6","7","5","7","-","0","8","8","3","10","12","7.2","115"
"178","Adam Thielen","WR","MIN","13.3","12.5","20.6","2.6","32","17.7","9.5","-","0","-","-","BYE","-","-","6","0.2","-","11.4","114.4"
"179","Kyle Rudolph","TE","FA","0","3.9","2.1","2.2","1.4","6.6","16.8","4.7","11.3","19.4","17.7","-","15","3.1","7.8","1.7","0","7.1","113.7"
"180","JuJu Smith-Schuster","WR","KC","13.8","13.4","17.1","4.5","18.5","1.7","-","21.3","4.6","7.4","4.1","BYE","-","-","-","4.2","2.6","9.4","113.2"
"181","Philadelphia Eagles","DST","PHI","1","7","2","5","35","1","1","12","6","BYE","2","11","1","3","9","8","9","7.1","113"
"182","Jack Doyle","TE","FA","3","4.1","8.6","12.2","4.9","-","5.1","10.1","11.2","13.4","0","5.8","19.3","4.7","4.1","3.7","1.6","7","111.8"
"183","Jordan Howard","RB","FA","7.5","3.6","9.7","32.5","12.2","4.9","7.6","18.1","15.3","-","-","-","-","-","-","-","0","11.1","111.4"
"184","Noah Fant","TE","CIN","4.4","7.3","4.7","11.1","1.6","3.6","1.7","7.6","20.5","-","9.3","4.4","1.5","21.3","7.6","3","1.4","6.9","111"
"185","Darren Fells","TE","FA","0","1.9","15.9","2.2","16","12.9","4.7","23.8","7.1","-","2.8","3.4","10.3","2.2","1.2","5.7","0","6.9","110.1"
"186","Ka'imi Fairbairn","K","HOU","4","7","3","4","13","6","12","10","11","BYE","1","8","4","8","6","11","2","6.9","110"
"186","Green Bay Packers","DST","GB","14","12","13","-1","9","3","2","4","2","8","BYE","-1","10","7","13","11","4","6.9","110"
"188","Steven Sims Jr.","WR","FA","0","2.9","4.4","0","14.6","0.1","3.5","0","2.2","-","2.6","6","5.9","8","15.5","25.3","18.5","6.8","109.5"
"189","Evan Engram","TE","DEN","28.6","10.8","23.3","9.4","10.7","-","1.6","14","11","BYE","-","-","-","-","-","-","-","13.7","109.4"
"190","Jake Elliott","K","PHI","6","7","6","4","7","10","4","5","10","BYE","5","3","13","5","7","5","12","6.8","109"
"191","Case Keenum","QB","CHI","27.2","16.7","14.6","0.5","-","15.6","3.1","3.2","-","-","-","-0.1","-","-","-","16.4","11.2","10.8","108.5"
"192","Dustin Hopkins","K","FA","11","3","3","3","1","5","0","10","9","-","4","14","12","5","12","5","11","6.8","108"
"193","Tyler Eifert","TE","FA","7.7","9.9","2.8","4.7","3.4","3.3","3","13.4","-","10","5.1","1.7","2.2","8.9","7.4","17.7","5.4","6.7","106.6"
"194","Jaylen Samuels","RB","FA","1.6","4.1","0","23.5","3.5","-","-","-","19.3","7","15.5","6.2","7.4","5.4","1.4","7.9","2.6","7.5","105.4"
"195","Brett Maher","K","FA","5","7","7","4","6","14","15","-","15","6","9","10","1","6","-","-","-","8.1","105"
"196","Jonnu Smith","TE","PIT","2.7","0","4","1.5","6.7","1.8","9.4","19.8","4.8","7","-","0.4","2","11.9","16.7","15.3","0.7","6.5","104.7"
"197","Matt Breida","RB","FA","3.7","14.2","10.8","-","27.9","10.3","4.6","6","11.2","4.5","-","-","-","6.8","1.7","0","1.6","7.9","103.3"
"198","Jacksonville Jaguars","DST","JAC","-4","8","15","2","4","7","17","15","5","BYE","6","1","6","-3","5","5","14","6.4","103"
"198","Eddy Pineiro","K","SF","3","15","7","10","3","-","6","10","2","2","1","7","6","7","7","4","13","6.4","103"
"198","Stephen Hauschka","K","FA","6","4","8","1","2","-","13","1","7","2","15","8","9","11","5","5","6","6.4","103"
"201","Allen Lazard","WR","NYJ","0","0","0","0","0","16.5","7.2","9.2","7.4","5.7","-","3.8","19.3","3.9","3.4","9.5","16.9","6.4","102.8"
"202","Taysom Hill","TE","NO","8.7","3.6","2","1.6","2.1","1.7","9.5","15.3","BYE","3.1","1.4","1","18.5","3.5","12.3","6","11.9","6.4","102.2"
"203","Chicago Bears","DST","CHI","9","5","21","17","4","BYE","3","4","4","8","5","4","5","2","1","1","9","6.4","102"
"204","Auden Tate","WR","FA","0","1.6","12.8","9","11.6","14.1","9.5","11.5","-","6.6","9.6","2","10.6","2.6","-","-","-","7.8","101.5"
"205","Kareem Hunt","RB","KC","0","-","-","-","-","-","-","-","-","14.4","11.8","12.6","17.5","14.8","15.6","8.1","6.6","11.3","101.4"
"206","Rex Burkhead","RB","FA","13.5","8.8","18.9","1.7","-","-","-","2.3","4.4","-","6.8","3.7","1.5","1.5","13.9","17.7","6.4","7.8","101.1"
"207","Denver Broncos","DST","DEN","0","1","0","5","10","23","1","7","3","BYE","9","4","8","15","5","5","5","6.3","101"
"208","Demarcus Robinson","WR","SF","1","35.2","13.3","7.5","6.1","0","6.1","2.6","1.5","9.6","0","-","0","2.2","4.1","2.3","9.4","6.3","100.9"
"209","Phillip Dorsett II","WR","LV","25.5","6.9","18.5","3.9","0","-","13.6","7.3","3.3","-","12.3","-","3.5","0","0","0","6","7.2","100.8"
"210","Jimmy Graham","TE","FA","12","0","0","18.1","7.1","3.7","16.5","5","5.7","7.9","-","1.7","2.6","7.9","1","2.6","8.9","6.3","100.7"
"211","Dallas Cowboys","DST","DAL","6","1","12","11","1","4","15","BYE","18","0","3","6","4","5","4","2","7","6.2","99"
"212","Russell Gage Jr.","WR","SF","2.2","0","0","0","2.2","1.6","0.3","12.8","-","6.3","5.2","15.6","16.2","3.7","8.3","10.6","13.8","6.2","98.8"
"213","Atlanta Falcons","DST","ATL","0","10","1","0","-2","-1","-1","2","BYE","10","26","5","0","14","11","9","14","6.1","98"
"213","Ryan Griffin","TE","FA","4","0","1.5","-","1.2","11.8","1.1","24.6","11","0.8","21.9","10.3","8","1.8","-","-","-","7.5","98"
"215","Kendrick Bourne","WR","SF","1.9","1.4","3.2","BYE","4.4","2.1","9.9","2.2","7.7","16.2","13.1","4.7","7.2","16.8","2.1","4.9","0","6.1","97.8"
"216","Daniel Carlson","K","LV","6","4","2","7","7","-","7","7","7","9","5","4","3","3","10","7","9","6.1","97"
"217","Boston Scott","RB","FA","-","-","-","-","-","3","4.7","4.6","0","-","2.6","0","0","24.8","13.5","7.9","35.8","8.8","96.9"
"218","Alex Erickson","WR","FA","4.8","2.4","2.3","0","1.7","10.4","21.5","15.7","-","1.3","1","6.3","4.1","10.5","-0.4","11.5","3.1","6","96.2"
"219","Willie Snead IV","WR","FA","12.1","1.5","7.7","14.1","9.1","4.8","0.2","-","3.5","3.2","3.3","15.4","2.2","10.3","2.5","0","5.2","5.9","95.1"
"220","Carolina Panthers","DST","CAR","4","6","13","14","14","21","BYE","3","11","2","2","3","6","-3","3","-1","-3","5.9","95"
"220","John Ross","WR","FA","34.8","21.2","2.2","6.6","-","-","-","-","-","-","-","-","-","4.8","4.4","15","6","11.9","95"
"222","Houston Texans","DST","HOU","2","10","8","10","9","5","2","0","19","BYE","-4","2","5","2","6","22","-4","5.9","94"
"222","Nelson Agholor","WR","FA","3.1","24.7","23","0","3","8.2","4.4","5.4","5.1","-","8","-","9.1","-","-","-","-","8.5","94"
"222","Washington Commanders","DST","WAS","0","2","5","9","5","10","8","6","2","BYE","5","21","11","7","3","-1","1","5.9","94"
"225","Jacob Hollister","TE","FA","-","-","-","-","-","0","5","3.8","19.7","20.2","-","4.2","10.4","7.4","5.3","11.4","6.5","8.5","93.9"
"226","Chris Thompson","RB","FA","14.8","10.1","14.8","10","8.8","4","-","-","-","-","-","-","3.9","11.3","4.6","9.2","2.1","8.5","93.6"
"227","Younghoe Koo","K","NYG","-","-","-","-","-","-","-","-","-","15","11","11","8","18","6","6","18","11.6","93"
"227","Sam Ficken","K","FA","-","4","2","-","0","6","0","1","13","12","4","10","7","12","1","13","8","6.2","93"
"229","Gus Edwards","RB","FA","5.6","1.1","8.8","4.6","3.3","3.4","3.5","-","8.7","1.7","17.2","5.5","3.2","2","3.5","8.3","12.2","5.8","92.6"
"230","Teddy Bridgewater","QB","TB","0","7.1","16.3","7.5","28.3","13.6","19.9","-0.2","-","-","-","-","-","-","-0.3","-","0.3","9.2","92.5"
"231","Cameron Brate","TE","FA","2.8","3","2.7","12.6","2.1","12.7","-","6.2","0","0","17.3","0","1.5","13","6.3","3.7","7.2","5.7","91.1"
"232","Chase McLaughlin","K","TB","-","-","-","-","8","5","10","5","-","12","7","14","-","11","1","8","10","8.3","91"
"232","Cleveland Browns","DST","CLE","0","13","9","10","3","4","BYE","5","5","2","16","8","4","11","-2","1","2","5.7","91"
"234","Preston Williams","WR","FA","11.4","10.3","10.8","8.6","-","5.1","12.2","8.2","24.2","-","-","-","-","-","-","-","-","11.4","90.8"
"235","Taylor Gabriel","WR","FA","4.4","3.5","32.2","-","-","-","1.6","9.3","9.9","13.8","12.7","2.9","-","-","-","-","-","10","90.3"
"236","Joe Flacco","QB","CLE","14.8","16.7","6","23","9","6","6.5","7.9","-","-","-","-","-","-","-","-","-","11.2","89.9"
"237","Jordan Akins","TE","FA","2.7","4.5","22.3","5.1","3.1","6.9","3.7","3.1","5.4","-","2.5","5.6","2.9","8.9","2.7","0","10.4","5.6","89.8"
"237","Gerald Everett","TE","FA","1.7","5.1","3.5","15.4","20.6","2.9","15","3.5","-","14.8","3","4.3","-","-","-","0","0","6.9","89.8"
"239","Albert Wilson","WR","FA","3.4","-","-","-","-","6.5","3.2","7.5","1.3","1","5.6","9.7","11.3","1.5","10.9","15.8","11.7","6.9","89.4"
"240","Tony Pollard","RB","TEN","2.4","3.5","21.8","0","1.9","1.3","2.8","-","4","-0.4","17.6","5.8","0.7","-","22.3","-2","7.5","5.9","89.2"
"241","Marcus Mariota","QB","WAS","24.3","13.4","15.6","23.3","8.6","0.9","-","-","-","BYE","-","-","-","-","-","-","1","12.4","87"
"242","Eric Ebron","TE","FA","1.8","11.5","7.7","11.8","1.8","-","17","5.6","3.6","10.6","6.7","8.4","-","-","-","-","-","7.9","86.5"
"242","Adam Humphries","WR","FA","1.5","2","15.3","3.5","7","10.7","8","5.4","10.5","9.3","-","5","8.3","-","-","-","-","7.2","86.5"
"244","New York Giants","DST","NYG","-4","2","7","24","4","13","10","8","3","1","BYE","7","-1","5","8","-1","0","5.4","86"
"245","Blake Jarwin","TE","FA","12.9","3.2","1.3","7.9","0","2.6","7.1","-","11.2","6.5","5.8","4.7","2.9","11","6","2.4","0","5.3","85.5"
"246","Kerryon Johnson","RB","FA","8.2","16.8","11.3","15.7","-","14.1","2.3","-","-","-","-","-","-","-","-","5.3","11.3","10.6","85"
"247","O.J. Howard","TE","FA","5.2","0","9.6","6.3","2","5.5","-","-","-","14.7","0","2","11.1","11.3","8.6","7.6","0","6","83.9"
"248","J.D. McKissic","RB","FA","4.4","0.2","4.4","5.1","-","3.1","8","3.1","16.2","11.5","8.3","4","5.4","5.8","2.9","0","1.4","5.2","83.8"
"249","Dwayne Haskins","QB","FA","-","-","-","3.6","-","-","-","0.3","7.2","-","18.1","6","6.5","9.7","19","13.3","-","9.3","83.7"
"250","Allen Hurns","WR","FA","3.2","2.3","1.6","-","-","3.6","8.3","8.2","3.6","5.2","7.3","14.2","6.3","11.8","1.9","6.1","-","6","83.6"
"251","Vance McDonald","TE","FA","6","22.8","2","-","6.4","1.5","-","4.9","14","4.3","6.3","1.1","5.1","1.3","-","3.9","3.9","6","83.5"
"252","Marquez Valdes-Scantling","WR","SF","9.2","4.9","21.1","7.7","2.8","7.7","21.3","1.4","0","0","-","1.7","0","0","0","1.6","3.9","5.2","83.3"
"253","Jalen Richard","RB","FA","0.3","2.5","5.9","2.8","5.2","-","1.7","4.7","9.8","8.3","1.7","11.1","1.8","6.6","5.6","6.9","7.9","5.2","82.8"
"254","Chase Edmonds","RB","WAS","0.5","3.7","3.5","3.7","17.6","14.7","35","3.3","-","BYE","-","-","0","0.9","0","0","-0.1","6.4","82.8"
"255","Tajae Sharpe","WR","FA","0","4.4","9","0","2.2","0","9.9","10.8","5.1","3","-","0","-","6.5","4.8","23.9","2.3","5.5","81.9"
"256","Los Angeles Chargers","DST","LAC","2","8","4","11","14","3","4","9","7","3","3","BYE","2","6","1","3","1","5.1","81"
"257","T.J. Hockenson","TE","MIN","25.1","1.7","1.1","11.7","-","6.1","6.2","3.1","8.6","7.7","1.6","0","7.8","-","-","-","-","6.7","80.7"
"258","Adam Vinatieri","K","FA","5","1","10","6","13","-","4","14","4","6","7","5","5","-","-","-","-","6.7","80"
"259","Dawson Knox","TE","BUF","1.1","2.8","16.6","8.8","3.2","BYE","4.2","0","3.4","9.5","11.2","3.1","4.7","4.7","2.1","4.3","-","5.3","79.7"
"260","Irv Smith Jr.","TE","FA","0","0.9","9","1.5","0","4.9","11","5.1","7.3","8.4","11","-","1.6","5.1","8.8","2.4","2.1","4.9","79.1"
"261","Bisi Johnson","WR","FA","0","0","0","7.5","8.3","2.6","14","4.7","7.4","4.5","9.5","-","1.1","7.9","3.5","1.6","6.4","4.9","79"
"262","Keelan Cole Sr.","WR","FA","0","0","0","2.9","0","0","7.2","9.2","13","-","8.1","3.8","2.1","2.2","10.6","3.9","15.7","4.9","78.7"
"263","Detroit Lions","DST","DET","7","9","13","5","BYE","7","-4","11","0","6","-1","8","3","2","3","6","3","4.9","78"
"264","Hayden Hurst","TE","FA","7.1","7.1","3.4","5.9","7.2","1.4","2","-","3.5","4","3.6","0","5.1","16.3","2.9","1.9","5.5","4.8","76.9"
"265","Kaden Smith","TE","FA","-","-","-","-","-","0","-","-","0","1.1","-","12.7","13","2.9","6.8","21.5","17.8","8.4","75.8"
"266","Geronimo Allison","WR","FA","0","10.5","0.9","14.9","4.8","7","7.3","1.7","4.1","3.6","-","3.9","4","2.1","3.9","2","4.7","4.7","75.4"
"267","Dare Ogunbowale","RB","HOU","7.3","1.9","5.3","4.6","4.3","11.5","-","1.1","8.3","5.4","4","1.2","3.2","7.8","2.6","6.4","0.4","4.7","75.3"
"267","Rashaad Penny","RB","FA","1.8","13.5","-","-","6.9","-","0","5.5","1.2","-1.8","-","18.9","26.7","2.6","-","-","-","7.5","75.3"
"269","Nick Boyle","TE","FA","5.6","2.4","9.8","1.9","0","3.8","3","-","13.7","11.8","4","1.7","1.4","9","0","5.4","1.6","4.7","75.1"
"270","Josh Gordon","WR","FA","16.3","3.9","14.4","7.6","10.9","1.7","-","-","-","4.7","-","2","2","5.4","5.8","-","-","6.8","74.7"
"271","Will Dissly","TE","LAC","2.2","22","18.2","18.7","12.8","0","-","-","-","-","-","BYE","-","-","-","-","-","12.3","73.9"
"272","Aldrick Rosas","K","FA","5","2","6","6","4","2","3","2","12","1","-","2","8","5","4","5","5","4.5","72"
"273","Damiere Byrd","WR","FA","8.2","10.5","2.9","-","-","8","1.4","3.8","-","-","-","-","0","2","14.6","2.1","18.4","6.5","71.9"
"274","Tre'Quan Smith","WR","FA","10.6","7.9","-","-","0","-","-","-","-","2.3","0","8.3","3.4","10.9","9.1","2.3","16.6","6.5","71.4"
"275","Drew Lock","QB","SEA","-","-","-","-","-","-","-","-","-","-","BYE","-","13.9","24.9","7.6","12.7","12","14.2","71"
"276","Las Vegas Raiders","DST","LV","4","3","-1","10","8","-","-3","3","6","17","13","2","0","-2","3","2","5","4.4","70"
"277","Alexander Mattison","RB","MIA","4.9","2.5","11.8","2.3","5.2","4.3","1.8","8.4","0.6","6.4","0.5","-","11.3","8.4","-","-","-","5.3","68.4"
"277","Giovani Bernard","RB","FA","8.3","2.3","3.2","5.9","5.6","4.4","2.4","6.5","-","-0.2","5.6","6","2.2","6.6","5.7","3.5","0.4","4.3","68.4"
"277","Foster Moreau","TE","NO","4","0","1.1","12","8.6","-","10.4","2","7.3","0","8.8","1.3","2.5","10.4","-","-","-","5.3","68.4"
"280","Patrick Laird","RB","FA","-","0","0","0","-","0","0","0","0","3.9","11.8","2","16.8","12.6","7.4","2.8","10.9","4.5","68.2"
"281","Arizona Cardinals","DST","ARI","7","2","0","4","1","1","15","1","0","9","5","BYE","0","7","5","11","0","4.3","68"
"282","Darrel Williams","RB","FA","0","0","15.9","18.6","0","6.2","2.6","1","0.1","2.5","12.3","-","8.6","-","-","-","-","5.7","67.8"
"283","Brian Hill","RB","FA","-","-","-","0","0","-","4.5","8.9","-","14.1","4.8","5.7","6.7","12.2","1.6","6.6","2.1","5.6","67.2"
"284","Cincinnati Bengals","DST","CIN","6","-2","5","2","1","9","2","0","BYE","-1","8","6","13","5","1","0","12","4.2","67"
"285","Kelvin Harmon","WR","FA","5.1","0","0","3.4","1.4","1.8","0","2.2","1.6","-","10.3","7.3","8.1","4","4.2","11.2","6.3","4.2","66.9"
"286","Dion Lewis","RB","FA","4.3","2.4","3","6","5","4.9","0.2","1.2","8.3","0","-","5.5","1.9","4.1","9.1","9.8","0.7","4.2","66.4"
"287","Josh Hill","TE","FA","0.8","0","1.4","5.9","6.9","1.8","13.3","6.9","-","0","2.8","2.2","1.2","8.4","7.5","0","6.5","4.1","65.6"
"288","Paul Richardson Jr.","WR","FA","7.6","10.6","22.3","4.4","3.4","0","0","6.4","8.2","-","-","1.6","-","-","-","-","-","6.5","64.5"
"289","Michael Badgley","K","FA","0","-","-","-","-","-","-","-","16","6","10","-","9","10","5","5","3","7.1","64"
"290","DaeSean Hamilton","WR","FA","2.5","3.5","0","8.7","0","4.5","2.4","0","0","-","0","0","3.2","5.6","3.3","18.5","11.5","4","63.7"
"291","Isaiah McKenzie","WR","FA","0","12.4","2.9","0","7.2","-","3.1","-","4.2","3.9","6.1","2.8","6.4","5.5","0","3.1","5.7","4.2","63.3"
"292","C.J. Uzomah","TE","FA","10.6","0","0","0","3.6","4.6","0","1.4","-","0","2.5","0","10.1","1.4","1.8","13.7","13.5","4","63.2"
"293","Jeff Driskel","QB","LV","0","-","-","-","-","-","-","-","-","19.1","27.5","15.6","-","-","-","-","-","15.5","62.1"
"294","Josh Reynolds","WR","NYJ","0","0","0","3.2","2.2","0","0","16.2","-","7.9","8","2.8","7.9","2.9","5.6","5.2","0","3.9","61.9"
"294","Jakobi Meyers","WR","LV","3.2","-","5.8","0","1.6","9.4","9.7","1.5","0","-","1.7","11.4","7.6","4.5","0","5.5","0","4.1","61.9"
"296","David Blough","QB","FA","-","-","-","-","-","-","-","-","-","-","-","-","18.3","10.2","10.3","8.7","13.9","12.3","61.4"
"297","Ty Johnson","RB","BUF","0.6","5.6","1.5","2.4","-","0","9.7","4.8","6.6","2.9","1.6","4.1","5.9","2","4","2","6.5","3.8","60.2"
"298","Nick Folk","K","NYJ","-","-","-","BYE","-","-","-","-","8","-","9","9","-","4","12","12","6","8.6","60"
"299","Greg Ward","WR","FA","-","-","0","-","-","-","-","-","-","-","-","10","1.5","7.4","19.1","11.6","10.3","8.6","59.9"
"300","David Moore","WR","CAR","0","-","3.9","1.9","8","6.6","2.4","3.5","3.8","0","-","4.5","14.5","2.5","0","3","5","4","59.6"
"301","Devlin Hodges","QB","FA","-","-","-","-","4.7","9.1","-","-","-","-","-","8.8","11.7","13.5","8.5","1.4","1.7","7.4","59.3"
"302","Malcolm Brown","RB","FA","17.3","5.7","0.7","1.4","0.3","4","-","-","-","1","7.5","0","3","8.1","0","-0.1","10.2","4.2","59.1"
"303","Ricky Seals-Jones","TE","FA","-","0","2.4","17.2","0","13.7","-","0","3.2","-","0","0","0","3.2","15.9","3.3","0","4.2","58.9"
"304","Benny Snell Jr.","RB","FA","0","2.3","0.6","0.1","0","9.9","-","1.3","-","-","-","11.3","13.7","2.1","0.1","1.4","15.1","4.5","57.9"
"305","Derrius Guice","RB","FA","6.8","-","-","-","-","-","-","-","-","-","13.9","4.8","27.7","4.2","-","-","-","11.5","57.4"
"306","Marcus Johnson","WR","FA","0","-","-","-","-","-","-","-","-","1.9","13.8","0","9.5","19.5","5.7","1.2","5.1","6.3","56.7"
"307","Jeremy Sprinkle","TE","FA","1.8","2.1","3.9","3","3.7","4.4","3.3","3.2","2.6","-","9.6","1.4","5.6","0","3.3","3.4","4.8","3.5","56.1"
"308","Pharoh Cooper","WR","FA","0","-","-","-","5.3","4.8","6.9","0","3.5","4.9","12.5","-","6.6","1.5","2.7","3.4","3.4","4.3","55.5"
"309","Jordan Wilkins","RB","FA","0","9.6","-0.2","3.8","2.8","-","2.5","0.5","2.2","2","-","0","7.6","0.1","8.7","14.4","-","3.9","54"
"310","Keke Coutee","WR","FA","0","2.7","0","3.1","10.2","7.9","11.9","-","-","-","5.5","-","-","9.8","-","-","1.7","5.3","52.8"
"311","Kalen Ballage","RB","FA","2.2","2.2","3.7","0.7","-","6.7","6.7","2.9","1.9","8.5","12.7","3.6","0","-","-","-","-","4.3","51.8"
"312","Trey Quinn","WR","FA","13.3","7.6","8","3","2.8","2.8","5","2.5","1.9","-","4.9","0","0","-","-","-","-","4.3","51.8"
"313","Ryquell Armstead","RB","FA","0.7","0","0","11.9","1.6","0.1","0.3","0.7","11.5","-","3.9","0","0","0.7","0.1","0.2","19.5","3.2","51.2"
"314","Brandon Bolden","RB","FA","0.7","-","3.9","6.4","11.2","12.5","8.1","0","0","-","0","1.1","0","7","0","0","0","3.4","50.9"
"315","Miles Boykin","WR","CHI","7.5","2.1","0","12.2","0","4.8","7.5","-","0","0","0","7.4","0","0","7.5","1.8","0","3.2","50.8"
"316","Kyle Juszczyk","RB","SF","0","2.1","8.1","BYE","4","-","-","-","-","0","13.3","0","0","5.2","8.7","3.3","5.9","4.2","50.6"
"317","Mike Boone","RB","FA","0","0","2.8","0","0","0","0","0","0","0","0","-","0","1.3","17.6","4.3","24","3.1","50"
"317","Miami Dolphins","DST","MIA","-3","3","2","0","BYE","1","1","4","8","11","2","-1","3","3","3","2","11","3.1","50"
"319","Demetrius Harris","TE","FA","0","1.4","7.2","0","1","2","-","11.3","5.5","4.8","0","4","3.3","-","2.3","7.1","0","3.3","49.9"
"320","Justice Hill","RB","BAL","2.7","2.4","0.1","3.7","0.7","3.1","0","BYE","0.7","1.1","3.7","2.7","0.3","0.8","1.5","14.1","11.9","3.1","49.5"
"321","Zay Jones","WR","ARI","3.8","2.4","5.3","2.4","0","-","-","4.7","5.4","2","5.5","2.5","3.4","1.5","1.5","4.4","4.1","3.3","48.9"
"322","Vyncint Smith","WR","FA","0","-","-","-","7.9","1.5","0","4.3","3","0","-2","3.2","4.3","4.7","7","6.2","8.6","3.5","48.7"
"323","Isaiah Ford","WR","FA","0","-","-","2.9","-","0","0","-","-","-","-","-","0","15.2","5.1","11.8","13.5","5.4","48.5"
"324","Wayne Gallman Jr.","RB","FA","13.1","0","1.3","27.8","1.4","-","0","3","0","1.5","-","0.1","-","-","-","-","-","4.8","48.2"
"325","Tavon Austin","WR","FA","1.8","-","-","1.8","3.7","11.4","8","-","0","0.7","0","0","4.2","0","13.2","1.5","1.1","3.4","47.4"
"326","Jeff Wilson Jr.","RB","MIA","0","15.4","13.8","-","BYE","0","2","0.6","1.2","-","9.5","2.7","1.7","-","0","-","-","4.3","46.9"
"327","Bennie Fowler III","WR","FA","9","12.1","1.5","1.3","-","-","7.5","4.1","5.2","5.6","-","-","-","-","-","-","-","5.8","46.3"
"328","KeeSean Johnson","WR","FA","9.6","6.1","4.3","3.9","5.5","3.4","1.6","-","10.2","0","1.4","-","-","-","-","-","-","4.6","46"
"329","Jakeem Grant Sr.","WR","FA","-1.3","4.8","7.1","1.4","-","-","0","5.2","6.3","3.5","18.9","0","-","-","-","-","-","4.6","45.9"
"330","Chester Rogers","WR","FA","0","5.4","0","13.8","0","-","4.4","1.7","9.2","5.1","3.9","2.2","0","-","-","-","-","3.8","45.7"
"331","Malik Turner","WR","SF","0","8.4","3.9","0","0","0","3.4","3.1","0","5.5","-","10.3","0","2","5.6","3.3","-","3","45.5"
"332","Bo Scarbrough","RB","FA","-","-","-","-","-","-","-","-","-","-","11.5","7.8","8.3","8","-","3.4","4.2","7.2","43.2"
"333","Justin Watson","WR","HOU","0","0","0","2.3","0","0","-","0","0","0","0","0","0","16.9","3.7","15.3","4.7","2.7","42.9"
"334","Javon Wims","WR","FA","0","0","1.8","9.6","0","-","7.6","0","0","0","2.1","0","10.6","0","0","5.6","5.3","2.7","42.6"
"335","Matt Moore","QB","FA","-0.1","-","-","-","-","-","8.6","19","15","-","-","-","-0.1","-","-","-0.1","-","7","42.3"
"336","James O'Shaughnessy","TE","FA","7.2","6.8","9.8","8.8","8.7","-","-","-","-","-","-","-","-","-","-","-","-","8.3","41.3"
"337","Maxx Williams","TE","FA","2.5","3.1","0","3.1","1.7","12.4","1.5","1.9","2.2","2.5","0","-","0","0","1.4","5.6","3.3","2.6","41.2"
"338","Scotty Miller","WR","PIT","-","-","0","0","1.8","6.9","BYE","0","0","5.3","11.1","1.6","-","-","13.9","-","-","4.1","40.6"
"339","Anthony Firkser","TE","FA","0","0","0","-","0","3.5","3.7","7.3","0","12.6","-","0","5.2","4.9","1.7","0","1.5","2.7","40.4"
"339","Jonathan Williams","RB","FA","-","-","-","-","0","-","-","-","-","0.1","15.7","21.1","3.5","0","0","0","0","4.5","40.4"
"341","Jake Kumerow","WR","FA","0","2.2","-","-","1.9","3.7","13.4","6.8","0","4.3","-","0","0","0","5.9","0","1.7","2.9","39.9"
"342","Marvin Hall","WR","FA","-","-","0","6.7","-","6.8","5.7","11.9","0.7","0","4.9","3.1","-","-","-","-","-","4.4","39.8"
"343","Nick Foles","QB","FA","7","-","-","-","-","-","-","-","-","-","18.8","14.9","-1","-","-","-","-","9.9","39.7"
"344","N'Keal Harry","WR","FA","-","-","-","-","-","-","-","-","-","-","4.8","8","0","2.2","11.7","5.9","6.8","5.6","39.4"
"345","Logan Thomas","TE","FA","0","1.7","2.5","5.5","-","0","0","2.7","2.3","3.9","0","10.4","0","4.1","0","3.7","2.5","2.5","39.3"
"346","Ameer Abdullah","RB","IND","0.8","0.2","0","3.4","2.4","0","0","0","8.8","0","1.6","-","0","1.2","2.5","11.8","6.6","2.5","39.3"
"347","Justin Hardy","WR","FA","8.1","0","1.6","0","1.5","0","3.9","4.3","-","0","3.4","0","5.8","2.9","0","0","7","2.4","38.5"
"348","Marquise Goodwin","WR","FA","1.7","16.7","6.1","-","8.6","3.5","0","-","-","0","1.5","-","0","-","-","-","-","4.2","38.1"
"348","Parris Campbell","WR","DAL","1.8","8.2","5.4","5.5","-","-","-","0","13","-","-","-","-","4.2","-","-","-","5.4","38.1"
"348","Dontrell Hilliard","RB","FA","8.8","-","0","13.4","0","3.7","-","7.4","3.4","0","0","0","0","0","0","1.4","-","2.7","38.1"
"351","Damion Ratley","WR","FA","3.7","7","5.6","2","0","-","-","-","-","0","0","0","0","0","5.3","0","14.4","2.9","38"
"352","Tim Patrick","WR","JAC","0","-","-","-","-","-","-","-","-","BYE","11.7","1.3","0","7","5.6","9.8","2.4","4.7","37.8"
"353","C.J. Ham","RB","MIN","0","0","1","4","0.9","0","8.4","0","5.7","-0.1","1.6","BYE","4.2","3.5","4.8","3.2","0.4","2.4","37.6"
"354","DeSean Jackson","WR","FA","35.4","0","-","-","-","-","-","-","1.5","-","-","-","-","-","-","-","-","12.3","36.9"
"355","Marcedes Lewis","TE","FA","3.4","0","2.9","3.9","3.7","7","0","2.1","0","0","-","0","7.1","1.5","1.6","1.2","2.2","2.3","36.6"
"356","Ito Smith","RB","FA","5","6.5","0","11.1","12.4","0.6","0.7","-","-","-","-","-","-","-","-","-","-","5.2","36.3"
"357","Ross Dwelley","TE","DET","0","0","0","-","1.7","0","1.2","0","6.9","5.4","17.4","0","0","0","0","3.5","0","2.3","36.1"
"358","Ty Long","K","FA","7","4","9","16","0","0","0","0","0","0","0","-","0","0","0","0","0","2.3","36"
"359","Ian Thomas","TE","LV","0","0","0","0","0","0","-","0","0","0","0","1.4","6.4","16.7","4.3","4.6","2.2","2.2","35.6"
"359","Cordarrelle Patterson","RB","FA","1.1","5","3","1.7","0.5","-","10.3","2.6","1.5","0","0","0","0","3.8","1.6","3.1","1.4","2.2","35.6"
"361","Andy Isabella","WR","FA","0","-","0","0.5","1.1","0","2.8","0","15.8","10.8","1.6","-","0","1.5","1.3","0","0","2.4","35.4"
"362","Byron Pringle","WR","FA","0","0","1.7","2.3","22.3","4.4","0","0","0","0","1.9","-","0","2.4","0","0","0","2.2","35"
"363","Duke Williams","WR","FA","-","-","-","-","12.9","-","3.3","1.6","-","-","-","-","-","-","-","-","16.8","8.7","34.6"
"364","Dante Pettis","WR","NO","1.7","0.6","12","-","2.1","7.5","0","1.5","9.1","0","0","0","-","-","-","-","-","3.1","34.5"
"364","Brandon Allen","QB","TEN","-","-","-","-","-","-","-","-","17","-","14.4","3.1","-","-","-","-","-","11.5","34.5"
"366","Benjamin Watson","TE","FA","-","-","-","-","-","-","4.8","3.6","6.8","-","8.2","0","3.3","1.7","0","4.5","1.4","3.4","34.3"
"367","Matt Schaub","QB","FA","0","-","-","-","-","0","6.5","21.4","-","-","-0.1","6.2","-","-0.1","-","-","-","4.8","33.9"
"368","Nick Vannett","TE","FA","3.6","2.3","1.9","4.8","0","1.5","-","2.5","0","1.8","1.7","0","1.7","0","9","2.8","0","2.1","33.6"
"369","Laquon Treadwell","WR","IND","0","-","-","0","0","2.5","0","1.1","8.8","2","0","-","12.8","6.2","0","0","0","2.4","33.4"
"370","J.J. Arcega-Whiteside","WR","FA","0","1.4","2","0","0","0","0","0","0","-","3.9","6.3","8.5","4.9","0","5.9","0","2.1","32.9"
"371","Dan Arnold","TE","FA","0","-","-","-","-","-","0","4.5","-","-","-","-","-","-","7.6","3","17.6","5.5","32.7"
"372","Derek Carrier","TE","FA","0","6.3","0","0","4.2","-","4.2","0","2.7","0","0","0","9","0","1.5","3.2","1.4","2","32.5"
"373","Ty Montgomery II","RB","FA","0.4","7","0.1","-","0.1","4.7","0.9","0","0","0","1.1","3.3","1.8","9.1","2","1.8","0","2","32.3"
"374","Matt LaCosse","TE","FA","0","5.3","-","0","3.2","0","-","-","-","-","2.3","1.5","3.4","3.4","5.2","7.8","0","2.7","32.1"
"375","Darwin Thompson","RB","FA","1.3","0.1","0.8","0","-","0","-","0.9","-","1.7","-","-","10.4","8.3","4.9","1.4","2.3","2.7","32.1"
"376","Myles Gaskin","RB","SEA","-","-","-","-","-","-","-","-","-","1","0","2.7","3.6","2.1","9.2","12.8","-","4.5","31.4"
"377","Justin Jackson","RB","FA","7.1","7.4","7","-","-","-","-","-","2.4","-","-","-","-","2.5","3.7","-","1.1","4.5","31.2"
"378","Qadree Ollison","RB","FA","-","-","-","-","-","-","-","-","-","0","7.1","9.7","0","0.6","6.1","6.3","0.9","3.8","30.7"
"379","Jesse James","TE","FA","2.5","4.8","2.3","0","-","1.8","1.7","0","1.3","0","0","1.7","0","3.3","6.1","2.2","2.5","1.9","30.2"
"380","Dontrelle Inman","WR","FA","1.5","3.8","3.3","12.6","-","-","-","-","-","-","-","-","-","-","4.5","2.8","1.6","4.3","30.1"
"381","Stephen Gostkowski","K","FA","16","7","6","1","-","-","-","-","-","-","-","-","-","-","-","-","-","7.5","30"
"381","Mike Nugent","K","FA","0","-","-","-","9","5","7","9","-","-","-","-","-","-","-","-","-","6","30"
"383","Nick O'Leary","TE","FA","0","1.6","2.9","1.9","-","1.3","0","0","-","-","-","7.6","1.6","13","0","0","-","2.5","29.9"
"383","Jaeden Graham","TE","FA","0","0","0","0","0","3.1","0","2.1","-","0","4.3","6.3","14.1","0","0","0","0","1.9","29.9"
"385","T.J. Yeldon","RB","FA","0","0","4.9","10.8","6.8","-","-","-","-","-","-","-","-","-","-","-","7.2","5","29.7"
"386","Kalif Raymond","WR","DET","-","-","-","-","BYE","-","-","0","3.9","6.2","-","1.9","11","2.1","1.2","3.2","-","3.7","29.5"
"387","Reggie Bonnafon","RB","FA","0","0","0.5","0","14","0","-","1.7","2.3","0","2.8","0","0","0.6","0","1.2","6.2","1.8","29.3"
"388","C.J. Prosise","RB","FA","0","5","9.3","6.4","-","1.3","1.7","-","-","-","-","-","-","0.2","3.5","1.4","-","3.2","28.8"
"389","Vernon Davis","TE","FA","15.9","5.9","5","1.5","-","-","-","-","-","-","-","-","-","-","-","-","-","7.1","28.3"
"390","Cairo Santos","K","CHI","13","6","1","7","1","BYE","-","-","-","-","-","-","-","-","-","-","-","5.6","28"
"390","Travis Homer","RB","CHI","0","0","0","0","0","0","0","0","0","0","-","0","2.9","0","0.7","10.2","14.2","1.8","28"
"390","Chase Daniel","QB","FA","0","-","-","12.2","15.4","-","-","-","-","-","0.4","-","0","-","-","-","-","5.6","28"
"393","Ryan Succop","K","FA","0","-","-","-","-","-","-","-","2","3","-","6","7","6","3","-","-","3.9","27"
"394","Ryan Finley","QB","FA","-","-","-","-","-","-","-","-","-","9.9","6.3","10.5","-","-","-","-","-","8.9","26.7"
"395","Richie James Jr.","WR","FA","10.9","1.7","2.2","-","0","0","5","0","0","0","6.7","0","0","-0.1","0","0","0","1.7","26.4"
"396","Robert Tonyan","TE","KC","3.8","0","1.4","2.1","3.3","-","-","-","-","-","-","2.8","0","8.2","1.5","0","2.9","2.4","26"
"397","DeAndre Carter","WR","CLE","0.9","0","0","0","-2","0","0","5.6","1.8","-","0","0","0","0","0","6.4","12.5","1.6","25.2"
"398","Brian Hoyer","QB","FA","0","-","-","-","-","-","-","-","16.3","9.2","-0.2","-","-","-","-","-0.2","-","5","25.1"
"399","Andrew Beck","TE","NYJ","0","0","0","0","2","0","0","0","0","-","0","2.8","2.1","3.9","3.3","1.6","8.8","1.5","24.5"
"400","Keelan Doss","WR","FA","-","0","0","2.4","3.1","-","8.4","-","-","-","-","-","2.1","5.6","2.7","-","-","3","24.3"
"400","Hale Hentges","TE","FA","-","-","-","-","-","0","0","2.3","0","-","1","0","0","0","0","10.8","10.2","2.2","24.3"
"402","Joshua Perkins","TE","FA","-","-","-","-","-","-","-","-","-","-","-","-","0","8.7","0","0","15","4.7","23.7"
"403","Wendell Smallwood","RB","FA","0","3.3","0","2.4","2.7","0.4","5.1","3","2.3","-","2.1","1.3","-","0.4","0","0","0.5","1.6","23.5"
"404","Ryan Izzo","TE","FA","1.3","0","5.1","0","11.9","5.1","-","-","-","-","-","-","-","-","-","-","-","3.9","23.4"
"405","Josh Rosen","QB","FA","-0.8","2.9","9.3","10.2","-","1.4","-","-","-","0","-","-","-","-","-","-","-","3.8","23"
"406","Virgil Green","TE","FA","1.4","1.9","0","-","1.5","2.5","1.9","2","0","0","1.8","-","0","8.4","0","1.4","0","1.5","22.8"
"407","Mack Hollins","WR","NE","0","10","10.2","2.3","0","0","0","0","0","BYE","0","0","0","0","0","0","0","1.4","22.5"
"408","Trey Burton","TE","FA","0","2.5","6","3.6","4.6","-","3.1","2.6","0","0","-","-","-","-","-","-","-","2.5","22.4"
"408","Darrell Henderson Jr.","RB","FA","0","-","-","0","0","5.8","4.9","8.9","-","0.4","0","0","1.7","0","0","0.7","-","1.7","22.4"
"410","Devin Smith","WR","FA","0","16.4","5.9","0","-","-","-","-","-","-","-","-","-","-","-","-","-","5.6","22.3"
"411","Deon Cain","WR","FA","5.5","0","2","0","1.7","-","0","-","0","-","-","4.5","1.5","3.2","0","3","0","1.6","21.4"
"412","MyCole Pruitt","TE","FA","0","0","0","0","0","0","0","0","0","0","-","3","0","5.2","0","3.5","9.3","1.3","21"
"413","Jesper Horsted","TE","FA","-","-","-","-","-","-","-","-","-","-","-","1.4","8.8","7.6","-0.1","3","0","3.5","20.7"
"414","Olamide Zaccheaus","WR","CHI","-","-","-","-","-","0","-","0","-","0","0","0","0","16.3","0","0","4.2","2.1","20.5"
"415","Daniel Brown","TE","FA","0","0","0","-","0","0","0","0","0","0","9","0","1.9","1.7","1.4","0","6.2","1.3","20.2"
"416","Christian Blake","WR","FA","-","-","-","-","-","-","-","0","-","3.5","1.3","3.6","11.7","0","0","0","0","2.2","20.1"
"417","Trey Edmunds","RB","FA","0","-","-","-","-","0","-","0","7.3","3.5","6.8","0.7","0","1.7","0","0","0","1.7","20"
"418","Geoff Swaim","TE","FA","5.7","4.4","1.8","4.7","1.4","1.5","-","-","-","-","-","-","-","-","-","-","-","3.3","19.5"
"419","Tommy Sweeney","TE","FA","5.5","0","1.3","0","0","-","-","-","-","-","-","-","-","-","-","-","12.6","3.2","19.4"
"420","Tyler Kroft","TE","FA","0","-","-","-","-","-","0","5.2","0","0","1.6","2.4","0","0","8.4","0","1.5","1.6","19.1"
"421","Patrick Ricard","RB","BAL","7.1","1.3","0","0","0","1.6","0","BYE","1.8","0","5.7","0","1.2","0","0","0","0","1.2","18.7"
"422","Brandon Zylstra","WR","FA","-","-","-","-","0","0","-","0","0","-","-","-","-","1.7","0","1.3","15.6","2.3","18.6"
"423","Alec Ingold","RB","MIA","0","0","0","0.1","0.3","-","0","0.2","0.2","8.2","0.3","0","3.7","-0.1","5.2","0","0","1.1","18.1"
"424","Cody Parkey","K","FA","0","-","-","-","-","0","6","12","-","-","-","-","-","-","-","-","-","4.5","18"
"424","Robert Griffin III","QB","FA","7.1","-","-","-","-","-","-","-","-","0.7","0.5","1.3","-","0","0.6","-","7.8","2.6","18"
"426","AJ McCarron","QB","FA","0","-","-","-","-","-","-","-","-","-","0","-","-","-","-","-","17.9","6","17.9"
"427","Cam Newton","QB","FA","6.4","11.3","-","-","-","-","-","-","-","-","-","-","-","-","-","-","-","8.8","17.7"
"428","Mo Alie-Cox","TE","IND","1.3","0","4.5","0","2","BYE","0","0","2.1","0","0","0","0","1.8","0","3.1","2.5","1.1","17.3"
"429","Damion Willis","WR","FA","6","1.6","0","1.8","7.8","0","0","-","-","-","0","0","0","-","-","-","-","1.7","17.2"
"430","Danny Vitale","RB","FA","0","0","3.7","3.8","1.9","0","6.3","0","0","0","-","1.3","0","0","0","0","-","1.1","17"
"431","Antonio Callaway","WR","FA","0","-","-","-","0","4.2","-","3.1","9.6","-","-","-","-","-","-","-","-","3.4","16.9"
"432","Adam Shaheen","TE","FA","1.6","5.4","1.7","3.3","0","-","6.4","0","-2","-","-","-","-","-","-","-","-","2.1","16.4"
"433","Antonio Brown","WR","FA","-","16.1","-","-","-","-","-","-","-","-","-","-","-","-","-","-","-","16.1","16.1"
"434","Stephen Carlson","TE","CHI","-","-","-","-","-","BYE","-","-","0","0","7.8","1.8","4.8","0","0","1.7","0","1.8","16.1"
"435","J.P. Holtz","TE","FA","0","-","0","1.7","2.6","-","0","0","0","0","0","0","0","8.6","0.9","2.3","0","1.1","16.1"
"436","Luke Willson","TE","FA","0","-","-","4.6","2","3.6","0","1.7","4","0","-","-","-","-","-","0","-","1.8","15.9"
"437","Troy Fumagalli","TE","FA","0","1.7","0","-","-","-","-","-","1.9","-","7.3","0","0","1.3","1.7","0","1.9","1.4","15.8"
"438","Deonte Harty","WR","FA","0","0.3","4","1","0","0","0","3.7","-","0","-","-","0","3.1","1.1","1","1.3","1.1","15.5"
"438","Braxton Berrios","WR","HOU","0","0","4.9","-","0","0","-0.9","0","0","0","0","7.9","1.5","0","0","0","2.1","1","15.5"
"438","Rashard Higgins","WR","FA","6.6","-","-","-","-","-","-","1.2","0","7.7","0","0","0","0","0","0","-","1.6","15.5"
"441","Andy Janovich","RB","FA","0","-","-","0","0","1.8","3.2","2.9","0","-","7.4","-","-","-","-","-","-","1.9","15.3"
"442","D'Ernest Johnson","RB","ARI","5.6","8","0","0","1.6","0","-","0","0","0","0","0","0","0","0","0","0","1","15.2"
"443","Kenjon Barner","RB","FA","0","0","1.4","-","-","0","0","0.1","-","1.2","7.6","2.8","2.6","0","-0.6","0","0","1.1","15.1"
"443","David Njoku","TE","CLE","13.7","0","-","-","-","-","BYE","-","-","-","-","-","-","1.4","-","-","0","3.8","15.1"
"445","Chris Hogan","WR","FA","0","2.2","1.6","1.6","-","-","-","-","-","-","-","-","-","-","2.3","3.6","3.4","2.1","14.7"
"445","Blake Bell","TE","FA","1.7","0","1.1","0","0","0","0","0","1.2","0","-","-","0","0","6.1","3.5","1.1","1","14.7"
"447","Marcell Ateman","WR","FA","0","-","-","-","0","-","4.6","-","4.4","0","0","0","0","0","0","0","5.6","1.2","14.6"
"448","Kerrith Whyte Jr.","RB","FA","-","-","-","-","-","-","-","-","-","-","-","4.3","1","6","0.5","2.2","0.1","2.4","14.1"
"449","Tyler Conklin","TE","LAC","0","0","0","0","0","0","0","0","0","0","4.8","BYE","2.8","4.3","0","0","1.9","0.9","13.8"
"450","Ben Roethlisberger","QB","FA","10.7","3","-","-","-","-","-","-","-","-","-","-","-","-","-","-","-","6.9","13.7"
"451","J.J. Nelson","WR","FA","0","-","13.6","-","-","-","-","-","-","-","-","-","-","-","-","-","-","6.8","13.6"
"452","Durham Smythe","TE","CHI","0","3.4","0","0","-","0","0","0","0","0","0","0","3.3","1.2","0","3.8","1.8","0.8","13.5"
"453","Luke Stocker","TE","FA","0","1.4","4.2","0","0","1","0","2.8","-","0","0","0","-","0","1.9","0","2","0.9","13.3"
"454","Derek Watt","RB","FA","0.4","1.3","-0.1","3.1","1.8","0","0","0.2","0","0.1","0","-","0","6.4","0","0","0","0.8","13.2"
"455","Lee Smith","TE","FA","0","1.8","0","0","7.8","-","1.9","1.6","0","0","0","0","0","0","0","0","0","0.8","13.1"
"456","Devontae Booker","RB","FA","0","0","0","0","0","0","0","0","2.4","-","0.4","0","0","4.4","0.5","1.2","3.7","0.8","12.6"
"457","Robert Foster","WR","FA","0","0","0","-","-","-","-","0","0","3","0","5.6","3.7","0","0","0","0","0.9","12.3"
"458","Trent Sherfield Sr.","WR","DEN","0","0","0","2.5","3.3","4.8","1.4","0","0","0","0","-","0","0","0","0","0","0.8","12"
"459","Mike Davis","RB","FA","9.6","0.1","0.2","-","0","-","0","1.8","0","-","-","-","0","0","0","0","0.2","1","11.9"
"460","Jamal Agnew","WR","ATL","-2","0","6","0","-","0.9","0","0","0","0","0","-","-","-","0","6","0.8","0.9","11.7"
"461","KhaDarel Hodge","WR","ATL","0","0","0","0","0","0","-","0","2","0","5.1","0","0","0","0","1.6","2.9","0.7","11.6"
"461","Andre Patton","WR","FA","-","0","-","4.2","0","-","0","0","0","0","0","-","1.8","0","1.8","3.8","0","0.9","11.6"
"463","Ryan Switzer","WR","FA","8.9","1","0","0","0","0.8","-","0","0","0","-","-","-","-","-","-","-","1.2","10.7"
"464","Tevin Jones","WR","FA","-","-","-","-","-","-","-","-","-","-","4.4","1.9","3.8","0","0","-","-","2","10.1"
"465","Patrick DiMarco","RB","FA","2.9","1.4","0","0","0","-","4.1","0","0","1.4","0","0","0","0","0","0","0","0.6","9.8"
"466","Alex Armah Jr.","RB","FA","6.1","0","1.6","0","1.4","0.4","-","0","0","0","0","0","0.2","0","0","0","0","0.6","9.7"
"467","Cedrick Wilson Jr.","WR","MIA","-","0","0","0","BYE","9.6","0","-","-","-","-","-","-","0","-","-","-","1.6","9.6"
"468","Khari Blasingame","RB","FA","-","-","-","-","-","-","-","-","-","-","-","0","0","6.7","1","0","1.7","1.6","9.4"
"468","Marshawn Lynch","RB","FA","0","-","-","-","-","-","-","-","-","-","-","-","-","-","-","-","9.4","4.7","9.4"
"468","Troymaine Pope","RB","FA","0","-","0","11.4","0","0","0","0","-","0","0","-","-2","0","0","0","0","0.7","9.4"
"471","Cethan Carter","TE","FA","0","0","0","0","0","0","0","0","-","0","0","0","-","0","9.3","0","0","0.6","9.3"
"472","DeAndrew White","WR","FA","-","-","-","-","-","-","-","1.8","0","0","0","0","0","0","0","2.2","5.1","0.9","9.1"
"473","Chris Lacy","WR","FA","0","0","-","-","-","-","-","-","-","-","-","-","0","0","5.8","0","3.2","1.3","9"
"473","Greg Joseph","K","FA","0","-","-","-","-","-","-","-","-","-","-","-","-","-","-","4","5","3","9"
"473","Chad Beebe","WR","FA","1.9","7.1","0","-","-","-","-","-","-","-","-","-","-","-","-","-","-","3","9"
"473","Travis Benjamin","WR","FA","3.2","0","2.5","-","2.3","1","-","-","-","-","-","-","-","-","-","-","-","1.8","9"
"477","Matt Barkley","QB","FA","0","-","-","4.1","-","-","-","-","-","-","-","-","-","-","-","-","4.9","3","9"
"478","Ventell Bryant","WR","FA","-","-","-","-","0","0","0","-","0","0","0","0","8.5","0","0","0","0","0.7","8.5"
"479","Devine Ozigbo","RB","FA","-","-","-","-","0","0","-","-","0","-","0","0","0","0","0","0","8","0.8","8"
"479","Deon Yelder","TE","FA","0","-","0","6.3","0","0","0","0","0","1.7","0","-","-","-","-","-","-","0.8","8"
"479","Drew Sample","TE","CIN","0","4.5","0","0","0","0.9","1.3","0","BYE","1.3","-","-","-","-","-","-","-","0.9","8"
"482","Diontae Spencer","WR","FA","0","0","0","1.8","0.9","0","1.5","4.3","-1","-","0","1","0","0","0","0","-0.8","0.5","7.7"
"483","Dwayne Washington","RB","FA","0","0","0","0","0","0","1.6","3.8","-","0","0","0","0","0","2","0","0.2","0.5","7.6"
"484","Jordan Matthews","TE","FA","-","-","-","-","-","-","0","-","-","-","1.6","5.7","-","-","-","-","-","2.4","7.3"
"485","Ross Travis","TE","FA","-","-","-","-","-","-","-","-","-","-","-","-","3.1","1.1","-","2.9","-","2.4","7.1"
"486","Trevon Wesco","TE","FA","0","0","0","-","0","0","0","0","0","2.7","0","0","0","0","0","4.2","0","0.4","6.9"
"487","Deontay Burnett","WR","FA","0","-","-","-","-","-","-","-","-","-","-","-","-","-","-","-","6.8","3.4","6.8"
"487","Elijhaa Penny","RB","FA","0.3","0","0","1.2","3.4","1.6","0","0.3","0","0","-","0","0.2","0","-0.2","0","0","0.4","6.8"
"489","Johnny Mundt","TE","JAC","0","-","0","-","0","0","0","0","-","1.9","0","0","0","0","3.5","0","1.2","0.5","6.6"
"489","Alexander Hollins","WR","FA","-","-","-","-","-","-","-","-","-","-","-","-","0","0","0","0","6.6","1.3","6.6"
"491","Jason Moore Jr.","WR","FA","-","-","-","-","-","6.3","0","0","0","0","0","-","-","0","0","0","0","0.6","6.3"
"492","Devin Funchess","WR","FA","6.2","-","-","-","-","-","-","-","-","-","-","-","-","-","-","-","-","6.2","6.2"
"493","Michael Crabtree","WR","FA","0","3.3","2.9","-","-","-","-","-","-","-","-","-","-","-","-","-","-","2.1","6.2"
"494","Brett Hundley","QB","FA","-","-","-","-","-","-","-","0","-","-","-","-","-","-","-","5.5","0.6","2","6.1"
"495","Tyrod Taylor","QB","NYJ","0","0","0","0.2","0","-","-","-","-","-","-","-","0","6","-","-0.2","-","0.8","6"
"496","Taiwan Jones","RB","FA","0","-","-","0","0","-","0","0","0","-","0","0","0","-","-","0","5.9","0.5","5.9"
"497","Donte Moncrief","WR","FA","3.7","0","-","0","-","2.1","-","0","-","-","0","0","0","-","-","-","-","0.7","5.8"
"497","Cody Core","WR","FA","0","5.8","0","0","0","0","0","0","0","0","-","0","0","0","0","0","0","0.4","5.8"
"499","Steven Mitchell Jr.","WR","FA","0","-","-","-","-","-","-","0","0","-","-","-","-","-","-","-","5.7","1.4","5.7"
"499","Nick Bawden","RB","FA","1","0","2","1.4","-","0","0","0","0","1.3","0","-","-","-","-","-","-","0.6","5.7"
"499","Andre Roberts","WR","FA","-","-","0","1.6","0.7","-","0","0","0","1.7","0","0","0","0","1.7","0","-","0.4","5.7"
"502","Ryan Grant","WR","FA","4.6","0.8","-","-","-","-","-","-","-","-","-","-","-","-","-","-","-","2.7","5.4"
"503","Will Grier","QB","DAL","-","-","-","-","-","-","-","BYE","-","-","-","-","-","-","-","7.7","-2.3","2.7","5.3"
"504","Colt McCoy","QB","FA","0","-","-","-","5.3","-","-","-","-","-","-","-","-","-","-","-","-","2.6","5.3"
"505","Anthony Sherman","RB","FA","2.5","0","0","0","0.2","0","0.7","0","0","0","0","-","1.7","0","0","0","0","0.3","5.1"
"505","Chris Moore","WR","WAS","0","0","0","0","0","3.8","1.3","-","0","BYE","-","0","0","0","0","0","0","0.4","5.1"
"505","C.J. Board","WR","FA","-","-","-","-","-","-","0","-","3.3","-","-","-","-","-","1.8","-","0","1.3","5.1"
"508","Stanley Morgan Jr.","WR","FA","-","-","-","-","1.6","0","0","1.3","-","1.9","0","0","0","0","0","0","-","0.4","4.8"
"508","Paul Perkins","RB","FA","-","-","-","-","-","0","-","0.4","1.6","2.8","-","-","-","-","-","-","-","1.2","4.8"
"510","Cam Sims","WR","FA","0","-","-","-","0","-","-","-","-","-","0","-","0","0","0","2.5","2.2","0.6","4.7"
"511","Pharaoh Brown","TE","FA","0","0","0","2.8","0","1.9","-","0","-","0","0","-","-","-","-","-","-","0.5","4.7"
"512","Tanner Hudson","TE","CIN","-","-","-","-","-","-","-","0","2.2","0","0","0","0","0","2.4","-","0","0.5","4.6"
"513","Josh Oliver","TE","MIN","-","-","-","-","-","-","0","1.6","1.4","-","1.5","BYE","-","-","-","-","-","1.1","4.5"
"514","T.J. Logan","RB","FA","0","0","0","0","0","0","-","0","1.2","0.6","2.1","0.2","0.2","-","-","-","-","0.4","4.3"
"515","Mike Glennon","QB","FA","0","-","-","-","-","-","5.4","-","-","-","-","-1.2","-","-","-","-","-","1.4","4.2"
"516","Eric Saubert","TE","SEA","-","-","-","-","-","-","-","-","-","-","BYE","-","-","-","-","2.1","2","2.1","4.1"
"516","Tyler Ervin","RB","FA","0","0","0","0","-","-","0","0","-","-","-","-","-","0","0","1.6","2.5","0.4","4.1"
"516","Fred Brown","WR","FA","-","-","-","0","0","1.5","0","2.6","0","-","0","0","0","0","0","0","0","0.3","4.1"
"519","Codey McElroy","TE","FA","-","-","-","-","-","-","-","-","-","-","-","-","-","-","-","4","-","4","4"
"520","Ashton Dulin","WR","IND","-","-","-","0","0","BYE","0","0","0","0","0","0","2.3","0","1.4","0","0","0.3","3.7"
"521","Gunner Olszewski","WR","NYG","0","0","-2","0","0","5.4","0","0","-","-","BYE","-","-","-","-","-","-","0.4","3.4"
"521","Mike Thomas","WR","FA","0","0","0","0","0","0","0","0","-","0","1.9","0","0","0","1.5","0","0","0.2","3.4"
"523","Cody Hollister","WR","FA","-","-","-","-","-","-","-","-","-","0","-","-","3.3","0","0","0","-","0.7","3.3"
"523","Isaac Nauta","TE","FA","-","-","-","-","-","-","-","-","-","-","-","0","0","1.3","2","0","0","0.6","3.3"
"525","Keith Smith","RB","FA","0","0","0","0","0","0.2","0","0","-","0","0.3","0","0.4","0","0","2.3","-0.1","0.2","3.1"
"526","Levine Toilolo","TE","FA","0","0","0","-","0","1.8","1.2","0","0","0","0","-","-","-","0","0","0","0.2","3"
"526","Jay Ajayi","RB","FA","0","-","-","-","-","-","-","-","-","-","-","1.6","0.9","0.5","-","-","-","0.8","3"
"528","Roosevelt Nix","RB","FA","0","-","-","-","-","-","-","2.4","0","-","-","-","-","-","-","-","-","0.8","2.4"
"529","Sean Culkin","TE","FA","0","0","0","2.2","-","-","-","-","-","-","-","-","-","-","-","-","-","0.6","2.2"
"529","Jeff Smith","WR","FA","-","-","-","-","-","-","-","-","-","-","-","-","-","-","2.2","-","-","2.2","2.2"
"531","John Ursua","WR","FA","-","0","-","-","-","-","-","-","-","-","-","-","-","-","0","-","2.1","0.7","2.1"
"531","Chris Manhertz","TE","NYG","0","0","0","0","-","0","-","0","0","0","0","0","0","2.1","0","0","0","0.1","2.1"
"531","Antony Auclair","TE","FA","0","0","0","0","0","0","-","0","2.1","-","-","-","-","-","-","-","-","0.3","2.1"
"534","Jordan Thomas","TE","FA","0","-","-","-","-","-","-","-","-","-","-","0","0","0","0","-","1.8","0.3","1.8"
"535","Dwayne Harris","WR","FA","1.7","0","-","-","-","-","-","0","-","-","-","-","-","-","-","-","-","0.6","1.7"
"535","Chris Herndon IV","TE","FA","0","-","-","-","-","-","-","-","-","1.7","-","-","-","-","-","-","-","0.9","1.7"
"537","Dalton Schultz","TE","HOU","0","0","0","0","0","1.6","0","-","0","0","0","0","0","0","0","0","0","0.1","1.6"
"537","Jaleel Scott","WR","FA","-","-","-","-","-","0","0","-","-","-","-","-","-","-","-","-","1.6","0.5","1.6"
"537","Samaje Perine","RB","CIN","0","0","0","0","0","0","-","-","BYE","-","-","-","-","-","-","-","1.6","0.2","1.6"
"540","Jakob Johnson","RB","HOU","-","-","0","0","1.5","0","-","-","-","BYE","-","-","-","-","-","-","-","0.4","1.5"
"540","Charles Jones","TE","FA","-","-","-","-","-","-","-","-","-","-","-","0","0","0","-","-","1.5","0.4","1.5"
"540","Tyrone Swoopes","TE","FA","0","-","-","-","-","-","-","-","-","-","-","0","0","0","0","-","1.5","0.3","1.5"
"543","Krishawn Hogan","WR","FA","-","-","-","-","-","-","-","0","-","0","0","0","0","0","0","1.4","-","0.2","1.4"
"543","Darrell Daniels","TE","FA","-","-","0","-","0","0","0","0","0","0","1.4","-","0","0","-","0","-","0.1","1.4"
"543","Senorise Perry","RB","FA","-","-","-","-","-","-","0","0","0","0","0","0","0","0","0","0","1.4","0.1","1.4"
"543","Zach Gentry","TE","FA","-","-","0","0","-","0","-","-","-","-","-","-","-","-","1.4","-","-","0.4","1.4"
"547","Cyril Grayson Jr.","WR","FA","-","-","-","-","-","-","-","-","-","-","-","-","-","-","-","0","1.3","0.7","1.3"
"548","Josh Adams","RB","FA","-","-","-","-","-","-","-","-","-","0","0.6","0.6","-","-","-","-","-","0.4","1.2"
"548","Damien Harris","RB","FA","-","-","0","-","-","-","1.2","-","-","-","-","-","-","-","-","-","-","0.6","1.2"
"550","Dexter Williams","RB","FA","-","-","-","-","-","-","0.2","0","0","-","-","-","-","-","-","-","0.9","0.3","1.1"
"550","Eric Tomlinson","TE","FA","0","0","0","-","-","-","1.1","0","-","-","-","-","-","-","0","0","0","0.1","1.1"
"552","Buddy Howell","RB","FA","0","0","0","0","0","0","0","0","0","-","0.5","0","0","0","0","0","0.5","0.1","1"
"553","John Kelly Jr.","RB","FA","0","-","-","-","-","0","0.9","0","-","-","-","-","-","-","-","-","0","0.2","0.9"
"553","Jordan Scarlett","RB","FA","0","-","-","0","0","0","-","0.9","0","0","0","0","-","-","-","-","-","0.1","0.9"
"553","Josh Ferguson","RB","FA","-","-","-","-","-","-","-","-","-","-","-","-","-","-","0.9","-","0","0.5","0.9"
"556","Ryan Nall","RB","FA","-","-","-","-","-","-","-","-","-","0","0","0","0","0","0","0","0.8","0.1","0.8"
"557","Josh McCown","QB","FA","-","1","-","-","-0.2","0","-","-","-","-","-","-","-","-","-","-","-","0.3","0.8"
"558","Tony Brooks-James","RB","FA","-","-","-","-","-","-","-","-","0","1.1","-0.4","-","-","-","-","-","-","0.2","0.7"
"559","Ryan Griffin","QB","FA","-","-","-","-","-","-","-","-","-","-","-","-","-","0.7","-0.1","-","-","0.3","0.6"
"560","Sean Mannion","QB","FA","-","-","-0.2","-","-","-","-","-","-","-","-","-","-","-","-0.3","-","1","0.2","0.5"
"561","James Develin","RB","FA","0","0.3","-","-","-","-","-","-","-","-","-","-","-","-","-","-","-","0.2","0.3"
"562","Trevor Siemian","QB","TEN","-","0.1","-","-","-","-","-","-","-","-","BYE","-","-","-","-","-","-","0.1","0.1"
"562","Trace McSorley","QB","FA","-","-","-","-","-","-","-","-","-","-","-","-","-","-","-","-","0.1","0.1","0.1"
"564","Kendall Blanton","TE","FA","-","-","-","-","-","-","-","-","-","-","-","-","-","0","-","-","-","0","0"
"564","Geno Smith","QB","LV","-","-","-","-","-","-","-","-","-","-","-","-","-","-","-","-","0","0","0"
"564","Trenton Cannon","RB","FA","0","0","0","-","0","-","-","-","-","-","-","-","-","-","-","-","-","0","0"
"564","Travis Fulgham","WR","FA","-","-","-","-","-","-","-","-","-","-","-","-","-","-","0","0","0","0","0"
"564","Jake Butt","TE","FA","0","-","-","-","-","-","-","-","-","-","-","-","-","-","-","-","-","0","0"
"564","Davion Davis","WR","FA","-","-","-","-","-","-","-","0","-","0","-","-","-","-","-","-","-","0","0"
"564","Chad Williams","WR","FA","-","-","-","-","-","-","-","-","-","-","-","-","-","0","-","-","-","0","0"
"564","Jaydon Mickens","WR","FA","-","-","-","-","-","-","-","-","-","-","-","-","-","-","-","-","0","0","0"
"564","Deante Burton","WR","FA","-","-","-","-","-","-","-","-","-","-","-","-","-","0","-","0","0","0","0"
"564","Brandin Bryant","RB","FA","-","-","-","-","-","-","-","-","-","-","-","0","0","0","0","-","-","0","0"
"564","Jace Sternberger","TE","FA","-","-","-","-","-","-","-","-","0","0","-","-","0","0","0","-","0","0","0"
"564","James Franklin","QB","FA","-","-","-","-","-","-","-","-","-","-","-","-","-","-","-","-","0","0","0"
"564","Ryan Santoso","K","FA","-","-","-","-","-","-","-","-","-","-","-","-","0","0","0","-","-","0","0"
"564","Corey Coleman","WR","FA","0","-","-","-","-","-","-","-","-","-","-","-","-","-","-","-","-","0","0"
"564","Jalen Guyton","WR","FA","-","-","-","-","-","-","-","-","-","-","-","-","0","0","-","0","-","0","0"
"564","Chad Kelly","QB","FA","0","-","-","-","-","-","-","-","-","-","-","-","-","-","-","-","-","0","0"
"564","Brandon Wilson","S","FA","-","-","-","-","-","-","-","-","-","-","0","-","-","-","-","-","-","0","0"
"564","Lamar Miller","RB","FA","0","-","-","-","-","-","-","-","-","-","-","-","-","-","-","-","-","0","0"
"564","Alex Collins","RB","FA","0","-","-","-","-","-","-","-","-","-","-","-","-","-","-","-","-","0","0"
"564","Michael Burton","RB","DEN","0","-","-","-","-","-","0","0","0","BYE","0","0","0","0","0","0","0","0","0"
"564","Nsimba Webster","WR","FA","-","-","-","-","-","-","-","-","-","-","0","-","-","0","0","0","0","0","0"
"564","Josh Doctson","WR","FA","-","-","-","-","-","-","-","-","-","-","0","-","-","-","-","-","-","0","0"
"564","Matthew Slater","WR","FA","0","0","0","0","0","0","0","0","0","-","0","0","0","0","0","0","0","0","0"
"564","Jeremy McNichols","RB","WAS","-","-","-","-","-","-","-","-","-","BYE","-","-","-","-","-","-","0","0","0"
"564","Alex Ellis","TE","FA","0","-","0","0","-","-","-","-","-","-","-","-","-","-","-","-","-","0","0"
"564","Bryce Love","RB","FA","-","-","-","-","-","-","-","-","-","-","-","0","-","-","-","-","-","0","0"
"564","Chandler Cox","RB","FA","0","0","0","0","-","-","0","0","0","0","0","0","0","0","-","-","0","0","0"
"564","Trenton Irwin","WR","FA","-","-","-","-","-","-","-","-","-","-","-","-","-","-","-","-","0","0","0"
"564","Rob Gronkowski","TE","FA","0","-","-","-","-","-","-","-","-","-","-","-","-","-","-","-","-","0","0"
"564","Joshua Dobbs","QB","NE","0","-","-","-","-","-","-","-","-","BYE","-","-","-","-","-","-","-","0","0"
"564","Clark Harris","TE","FA","0","0","0","0","0","0","0","0","-","0","0","0","0","0","0","0","0","0","0"
"564","Jerell Adams","TE","FA","0","-","-","-","-","-","-","-","-","-","-","-","-","-","-","-","-","0","0"
"564","Cullen Gillaspia","RB","FA","0","0","0","0","0","0","0","0","0","-","0","0","0","0","0","0","0","0","0"
"564","Cooper Rush","QB","BAL","0","-","-","-","-","-","-","BYE","-","-","-","-","-","-","0","-","-","0","0"
"564","Keith Kirkwood","WR","BAL","0","-","-","-","-","-","-","BYE","-","-","-","-","-","-","-","-","-","0","0"
"564","Taywan Taylor","WR","FA","-","0","0","0","-","-","-","-","-","-","-","-","-","-","0","-","-","0","0"
"564","Richard Rodgers","TE","FA","0","-","-","-","-","-","-","-","-","-","-","-","-","-","-","-","0","0","0"
"564","D.J. Foster","RB","FA","0","0","0","0","0","0","-","-","-","-","-","-","-","-","-","-","-","0","0"
"564","Jason Croom","TE","FA","0","-","-","-","-","-","-","-","-","-","-","-","-","-","-","-","-","0","0"
"564","Nate Sudfeld","QB","FA","0","-","-","-","-","-","-","-","-","-","-","-","-","-","-","-","-","0","0"
"564","Jordan Franks","TE","FA","0","-","-","-","-","-","-","-","-","-","-","-","-","-","-","-","-","0","0"
"564","Joe Webb III","QB","FA","0","-","-","-","-","-","-","-","-","-","-","-","-","-","-","-","-","0","0"
"564","Rod Smith","RB","FA","0","-","-","-","-","-","-","0","0","0","-","-","-","-","0","0","0","0","0"
"564","Noah Brown","WR","WAS","0","-","-","-","-","-","-","-","-","BYE","-","-","-","-","-","-","-","0","0"
"564","Beau Brinkley","TE","FA","0","0","0","0","0","0","0","0","0","0","-","0","0","0","0","0","0","0","0"
"564","Chad Henne","QB","FA","0","-","-","-","-","-","-","-","-","-","-","-","-","-","-","-","-","0","0"
"564","Justin Hardee Sr.","WR","FA","0","0","0","0","0","0","0","0","-","0","0","0","0","0","0","0","0","0","0"
"564","Victor Bolden Jr.","WR","FA","0","-","-","-","-","-","-","-","-","-","-","-","-","-","-","-","-","0","0"
"564","Alex Smith","QB","FA","0","-","-","-","-","-","-","-","-","-","-","-","-","-","-","-","-","0","0"
"564","Martavis Bryant","WR","FA","0","-","-","-","-","-","-","-","-","-","-","-","-","-","-","-","-","0","0"
"564","JoJo Natson","WR","FA","0","0","0","0","0","0","0","0","-","0","0","0","0","-","-","-","-","0","0"
"564","Taylor Heinicke","QB","FA","0","-","-","-","-","-","-","-","-","-","-","-","-","-","-","-","-","0","0"
"564","Lance Lenoir Jr.","WR","FA","0","-","-","-","-","-","-","-","-","-","-","-","-","-","-","-","-","0","0"
"564","Daurice Fountain","WR","FA","0","-","-","-","-","-","-","-","-","-","-","-","-","-","-","-","-","0","0"
"564","Lil'Jordan Humphrey","WR","NYG","-","-","0","0","-","0","0","-","-","-","BYE","-","-","-","-","-","0","0","0"
"564","Stephen Anderson","TE","FA","-","-","-","-","0","-","-","-","-","-","-","-","-","-","-","-","-","0","0"
"564","C.J. Beathard","QB","DET","0","-","-","-","BYE","-","-","-","-","-","-","-","-","-","-","-","-","0","0"
"564","Craig Reynolds","RB","DET","-","-","-","-","BYE","-","0","0","0","-","-","-","-","-","-","-","-","0","0"
"564","Matt McCrane","K","FA","0","-","-","-","-","-","-","-","-","-","-","-","-","-","-","-","-","0","0"
"564","Austin Walter","RB","FA","-","-","-","-","-","0","-","-","-","-","-","-","-","-","-","-","-","0","0"
"564","Graham Gano","K","NYG","0","-","-","-","-","-","-","-","-","-","BYE","-","-","-","-","-","-","0","0"
"564","Kyle Nelson","TE","FA","0","-","-","-","-","-","-","0","0","0","0","0","0","0","0","0","0","0","0"
"564","Kaare Vedvik","K","FA","0","-","-","-","-","-","-","-","-","-","-","-","-","-","-","-","-","0","0"
"564","Trayveon Williams","RB","FA","-","-","-","-","-","0","0","0","-","0","0","0","0","0","0","0","0","0","0"
"564","Equanimeous St. Brown","WR","FA","0","-","-","-","-","-","-","-","-","-","-","-","-","-","-","-","-","0","0"
"564","Brandon Dillon","TE","FA","0","-","-","-","-","-","-","-","-","-","-","-","-","-","-","-","-","0","0"
"564","Jordan Reed","TE","FA","0","-","-","-","-","-","-","-","-","-","-","-","-","-","-","-","-","0","0"
"564","River Cracraft","WR","FA","0","0","-","-","-","-","-","-","-","-","-","-","-","-","-","-","-","0","0"
"564","Josh Malone","WR","FA","0","-","-","-","-","-","-","-","-","-","-","-","-","-","-","0","0","0","0"
"564","Mason Schreck","TE","FA","0","-","-","-","-","-","-","-","-","-","-","-","0","-","0","-","-","0","0"
"564","Juwann Winfree","WR","FA","-","-","0","-","-","-","-","0","0","-","-","-","-","-","-","-","-","0","0"
"564","A.J. Green","WR","FA","0","-","-","-","-","-","-","-","-","-","-","-","-","-","-","-","-","0","0"
"564","Darvin Kidsy","WR","FA","0","-","-","-","-","-","-","-","-","-","-","-","-","0","-","0","0","0","0"
"564","Tom Kennedy","WR","DET","-","-","-","0","BYE","-","-","-","-","-","-","-","-","-","-","-","-","0","0"
"564","Marcus Kemp","WR","FA","0","-","-","-","-","-","-","-","-","-","-","-","-","-","-","-","-","0","0"
"564","Evan Baylis","TE","FA","-","-","0","0","-","0","0","0","-","-","-","-","-","-","-","-","-","0","0"
"640","Tim Boyle","QB","FA","-","-","-","-","-","-","-0.3","-","-","-","-","0.6","-0.4","-","-","-","-","0","-0.1"
"641","Nick Mullens","QB","JAC","0","-","-","-","-","-","-","-0.3","-","BYE","-","-","-","-","-","-","-","-0.2","-0.3"
"642","Garrett Gilbert","QB","FA","0","-","-","-","0","-","-","-","-","-","-0.1","-0.1","0","-0.1","-","-","-","-0.1","-0.3"
"643","Michael Walker","WR","FA","-","-","-","-","-","-","-","-","0","-","0","-2","1.6","1.9","0","-2","-","-0.1","-0.5"
"644","Jarrett Stidham","QB","DEN","-","-","-0.4","-","0","-","-0.2","-","-","BYE","-","-","-","-","-","-","-","-0.2","-0.6"
"645","Blake Bortles","QB","FA","0","-","-","-","-","-","0","-","-","0.1","-","-","-0.9","-","-","-","-","-0.2","-0.8"
"646","Darrius Shepherd","WR","FA","-","-","0","0","0","-0.9","0","0","-","-","-","-","-","-","-","-","-","-0.2","-0.9"
"647","Ray-Ray McCloud III","WR","ATL","0","0","0","0","0","-2","-","-","BYE","-","-","-","-","-","-","-","-","-0.3","-2"
"647","Greg Dortch","WR","ARI","-","-","-","-","-","-","-","-","0","-","-","BYE","-","-2","-","-","-","-1","-2"
"649","Corey Clement","RB","FA","0","-2","-","0","-2","-","-","-","-","-","-","-","-","-","-","-","-","-1","-4"
""
""